suite,variant,sharpe_mean,sharpe_std,sharpe_count,mean_return_mean,mean_return_std,mean_return_count,volatility_mean,volatility_std,volatility_count,turnover_mean,turnover_std,turnover_count,net_sharpe_mean,net_sharpe_std,net_sharpe_count
architecture,d16_h4_ff32_drop50,0.18566089788741616,0.3920981420992423,3,0.0065394779858764995,0.013529503647011007,3,0.0345395358598483,0.0007262861439223553,3,0.8441352692172627,0.044029841200098264,3,-3.002002497844668,0.3112319744054215,3
architecture,d8_h2,0.37321484585957315,0.1686649204191306,3,0.011621386909856932,0.005374128931575797,3,0.03134225667224033,0.002841733304248922,3,0.704441809098617,0.046339293175728054,3,-2.550604963882277,0.1386833570844561,3
architecture,d8_h4_drop25,0.4866120289156939,0.15943077148157478,3,0.014981973925330433,0.0039443895604593365,3,0.03134921850358564,0.003388559348460626,3,0.7115633213468668,0.06686880273097479,3,-2.4639439724058296,0.12685003688946767,3
architecture,d8_h4_drop50,0.27504564523053016,0.2156378460936386,3,0.007521547698081833,0.005231669398544971,3,0.029037359396366133,0.003393795688453576,3,0.5967201990183723,0.06653899893583083,3,-2.385526899977249,0.23152531964061937,3
ensemble,final-cnn_neutral_cw0.25_b1,0.4838566861834281,,1,0.0224530711601431,,1,0.0464043833665889,,1,0.8595325208449793,,1,-2.118639123203062,,1
ensemble,final-cnn_neutral_cw0.25_b10,0.2591765705853235,,1,0.0118409389604325,,1,0.0456867645624412,,1,0.2279005067193683,,1,-0.6462690884793032,,1
ensemble,final-cnn_neutral_cw0.25_b2,0.5797088825262823,,1,0.026276509395618,,1,0.0453270774135959,,1,0.5916336115328892,,1,-1.342824018173719,,1
ensemble,final-cnn_neutral_cw0.25_b20,0.0400433914909239,,1,0.0018540971129544,,1,0.0463021997868162,,1,0.1518848067823365,,1,-0.6467821515670499,,1
ensemble,final-cnn_neutral_cw0.25_b3,0.7212574823208364,,1,0.0329735793422779,,1,0.0457167934482659,,1,0.4692224758498439,,1,-0.8485223337784598,,1
ensemble,final-cnn_neutral_cw0.25_b5,0.5581276781146453,,1,0.0255304566517766,,1,0.0457430399044508,,1,0.3470622945328316,,1,-0.6744389524035473,,1
ensemble,final-cnn_neutral_cw0.5_b1,0.3727021600563667,,1,0.0171216972924564,,1,0.045939356213731,,1,0.6322167032134163,,1,-1.6359118424749646,,1
ensemble,final-cnn_neutral_cw0.5_b10,0.2834295254613629,,1,0.0128958784587203,,1,0.0454994180219177,,1,0.1830103464466935,,1,-0.5016103903286969,,1
ensemble,final-cnn_neutral_cw0.5_b2,0.4915712330034423,,1,0.0225219230302154,,1,0.0458161941100767,,1,0.4550765194287223,,1,-1.0352408890060385,,1
ensemble,final-cnn_neutral_cw0.5_b20,0.2669025627210512,,1,0.0121921005919358,,1,0.0456799682537262,,1,0.1255523655164501,,1,-0.3568285288543559,,1
ensemble,final-cnn_neutral_cw0.5_b3,0.5403614782656695,,1,0.0250071108567947,,1,0.0462784855372313,,1,0.3640913923958831,,1,-0.724286247367782,,1
ensemble,final-cnn_neutral_cw0.5_b5,0.5099413411690067,,1,0.0236023304885448,,1,0.0462844028970823,,1,0.2725512218208661,,1,-0.5056699672388092,,1
ensemble,final-cnn_neutral_cw0.5_k10_b1,0.1051359486760944,,1,0.004123826286336,,1,0.0392237511361679,,1,0.5459499886242686,,1,-1.9720418546957397,,1
ensemble,final-cnn_neutral_cw0.5_k10_b10,-0.394428201171759,,1,-0.0155984082610629,,1,0.0395468889261048,,1,0.1680950257426681,,1,-1.2499915833485684,,1
ensemble,final-cnn_neutral_cw0.5_k10_b2,-0.107919830452305,,1,-0.0042865359926735,,1,0.0397196323855235,,1,0.399994788128672,,1,-1.6940927339202945,,1
ensemble,final-cnn_neutral_cw0.5_k10_b20,-0.5230595146377361,,1,-0.0210728932049937,,1,0.0402877542904243,,1,0.1194172371499657,,1,-1.2111248189664272,,1
ensemble,final-cnn_neutral_cw0.5_k10_b3,-0.1337271263430973,,1,-0.0053252869305861,,1,0.0398220396729626,,1,0.3211675841825764,,1,-1.4674181778062376,,1
ensemble,final-cnn_neutral_cw0.5_k10_b5,-0.1003459542156663,,1,-0.0039835211044796,,1,0.0396978745741773,,1,0.2429790812562307,,1,-1.1901101136482848,,1
ensemble,final-cnn_neutral_cw0.5_k6_b1,0.5538211612491027,,1,0.0242546646035695,,1,0.0437951207008142,,1,0.5219488021262296,,1,-1.2364135914018888,,1
ensemble,final-cnn_neutral_cw0.5_k6_b10,0.4462430040529008,,1,0.019847753488829,,1,0.0444774558000155,,1,0.145195358161395,,1,-0.2499983654970627,,1
ensemble,final-cnn_neutral_cw0.5_k6_b2,0.536961806194227,,1,0.0234954701471962,,1,0.0437563153955452,,1,0.3617915888962538,,1,-0.7939216489922547,,1
ensemble,final-cnn_neutral_cw0.5_k6_b20,0.4613724763650254,,1,0.0204726867130596,,1,0.0443734461022816,,1,0.1009322337206761,,1,-0.1108922040176548,,1
ensemble,final-cnn_neutral_cw0.5_k6_b3,0.6276864751922528,,1,0.0276939344628386,,1,0.0441206486954436,,1,0.2866050838797976,,1,-0.4776222322515789,,1
ensemble,final-cnn_neutral_cw0.5_k6_b5,0.5335359914859836,,1,0.0237336213898555,,1,0.0444836370340333,,1,0.2133605463668552,,1,-0.3555062113989971,,1
ensemble,final-cnn_neutral_cw0.5_k7_b1,0.55614018507784,,1,0.0220613322879899,,1,0.0396686534797016,,1,0.4925246871352708,,1,-1.327361448568139,,1
ensemble,final-cnn_neutral_cw0.5_k7_b10,0.4810731861120673,,1,0.0194757436099411,,1,0.0404839516567946,,1,0.1584424573344213,,1,-0.3250183462132339,,1
ensemble,final-cnn_neutral_cw0.5_k7_b2,0.5080042119095606,,1,0.0204198385176624,,1,0.0401961992419421,,1,0.3705374786062633,,1,-0.9685966231559746,,1
ensemble,final-cnn_neutral_cw0.5_k7_b20,0.2752257629057435,,1,0.0113113057635803,,1,0.0410982810771755,,1,0.1107722506469946,,1,-0.3726464303791651,,1
ensemble,final-cnn_neutral_cw0.5_k7_b3,0.614302372126223,,1,0.0249463568289407,,1,0.0406092471083848,,1,0.3007644366667346,,1,-0.6307771191628085,,1
ensemble,final-cnn_neutral_cw0.5_k7_b5,0.6551023547670028,,1,0.0262191777996166,,1,0.0400230248125758,,1,0.2289967079890864,,1,-0.3823612500790563,,1
ensemble,final-cnn_neutral_cw0.5_k8_b1,1.0095727074075835,,1,0.0386906236807525,,1,0.0383237615249164,,1,0.4722393677896395,,1,-0.8735186858959824,,1
ensemble,final-cnn_neutral_cw0.5_k8_b10,0.9644287395751338,,1,0.0374951594059477,,1,0.0388781025153457,,1,0.1679483121549143,,1,0.0942763492675865,,1
ensemble,final-cnn_neutral_cw0.5_k8_b2,0.9824712126050696,,1,0.0378875223950793,,1,0.0385634936769483,,1,0.3587340585903266,,1,-0.5177529375429627,,1
ensemble,final-cnn_neutral_cw0.5_k8_b20,0.6332782081217542,,1,0.0248691260983672,,1,0.0392704593011763,,1,0.1169602823990276,,1,-0.0647624103993784,,1
ensemble,final-cnn_neutral_cw0.5_k8_b3,1.0391142797003925,,1,0.0409403743681788,,1,0.0393992991608037,,1,0.3020671589935567,,1,-0.2483068272493903,,1
ensemble,final-cnn_neutral_cw0.5_k8_b5,1.1939323443592036,,1,0.045870086268108,,1,0.0384193346338456,,1,0.2372465505087604,,1,0.0862701855066952,,1
ensemble,final-cnn_neutral_cw0_b1,0.5420609282280775,,1,0.0247697822405814,,1,0.0456955684327783,,1,1.074409373981807,,1,-2.6966507396366013,,1
ensemble,final-cnn_neutral_cw0_b10,0.2471896403766831,,1,0.0114043489196585,,1,0.0461360310338244,,1,0.2878771644874898,,1,-0.8129674470858854,,1
ensemble,final-cnn_neutral_cw0_b2,0.6211479577352947,,1,0.0276995630623497,,1,0.0445941465594483,,1,0.7282341656592454,,1,-1.7196928133612477,,1
ensemble,final-cnn_neutral_cw0_b20,-0.0511883358018418,,1,-0.0024077291437825,,1,0.0470366755642001,,1,0.1933836371891167,,1,-0.8381925102697145,,1
ensemble,final-cnn_neutral_cw0_b3,0.73086395191706,,1,0.0331989170114399,,1,0.0454242091491295,,1,0.5818191239599435,,1,-1.1616597956296204,,1
ensemble,final-cnn_neutral_cw0_b5,0.5823387899674494,,1,0.0267704481146756,,1,0.0459705734460381,,1,0.4327119797588435,,1,-0.8789149638136,,1
ensemble,final-cnn_neutral_cw1_b1,-0.1317221145164585,,1,-0.0059427879403561,,1,0.0451160988583552,,1,0.3961286209081693,,1,-1.5173604567788626,,1
ensemble,final-cnn_neutral_cw1_b10,-0.2314035981211797,,1,-0.010264122622803,,1,0.044355933555657,,1,0.1348112405424333,,1,-0.8998957828682581,,1
ensemble,final-cnn_neutral_cw1_b2,-0.0085648748079621,,1,-0.0003791217164674,,1,0.0442647119739556,,1,0.300372485990463,,1,-1.1490997478621026,,1
ensemble,final-cnn_neutral_cw1_b20,-0.370291413061793,,1,-0.0171479085781391,,1,0.0463092255808739,,1,0.0965372214163128,,1,-0.9065411676194994,,1
ensemble,final-cnn_neutral_cw1_b3,0.0621554213095145,,1,0.0027552832851593,,1,0.0443289294338278,,1,0.2467957180665655,,1,-0.9253856097677832,,1
ensemble,final-cnn_neutral_cw1_b5,0.0225188217471355,,1,0.0010050767640695,,1,0.0446327421281458,,1,0.1913183332127726,,1,-0.8020535154867084,,1
ensemble,models-cnn_transformer_b1,0.5156382488752123,,1,0.0154151782095909,,1,0.0298953350400535,,1,0.6649653261516627,,1,-2.3399067373622056,,1
ensemble,models-cnn_transformer_b10,0.3083214186439862,,1,0.0065266527015624,,1,0.0211683402673321,,1,0.1019327030133992,,1,-0.3115226799737426,,1
ensemble,models-cnn_transformer_b3,0.7188717751739881,,1,0.0185062165991453,,1,0.0257434180033932,,1,0.2861360058404036,,1,-0.7168685180332508,,1
ensemble,models-cnn_transformer_b5,0.4213104952690579,,1,0.0100905708199365,,1,0.0239504378201936,,1,0.1881395090164384,,1,-0.5927521556886899,,1
ensemble,neutral-cnn_transformer_neutral_b1,0.5420609282280775,,1,0.0247697822405814,,1,0.0456955684327783,,1,1.074409373981807,,1,-2.6966507396366013,,1
ensemble,neutral-cnn_transformer_neutral_b10,0.2471896403766831,,1,0.0114043489196585,,1,0.0461360310338244,,1,0.2878771644874898,,1,-0.8129674470858854,,1
ensemble,neutral-cnn_transformer_neutral_b3,0.73086395191706,,1,0.0331989170114399,,1,0.0454242091491295,,1,0.5818191239599435,,1,-1.1616597956296204,,1
ensemble,neutral-cnn_transformer_neutral_b5,0.5823387899674494,,1,0.0267704481146756,,1,0.0459705734460381,,1,0.4327119797588435,,1,-0.8789149638136,,1
ensemble,neutral-ou_ffn_neutral_b1,0.0060306140712668,,1,0.0003079173236753,,1,0.0510590331327033,,1,0.4773445939625393,,1,-1.4181728019746465,,1
ensemble,neutral-ou_ffn_neutral_b10,0.1791568712720571,,1,0.008596591225335,,1,0.0479835976387463,,1,0.1411251159418843,,1,-0.4555005722395024,,1
ensemble,neutral-ou_ffn_neutral_b3,0.1911941642502846,,1,0.0097546651816821,,1,0.0510196805427216,,1,0.2755559121351321,,1,-0.7374457046104884,,1
ensemble,neutral-ou_ffn_neutral_b5,0.1987736013715774,,1,0.0099854883419915,,1,0.0502354853616865,,1,0.2090948156171103,,1,-0.577906671122513,,1
epochs,e10,-0.04391451550230877,0.2546741395517363,3,-0.0015748424771255332,0.008076339665492135,3,0.032691361631985834,0.0019688488423022055,3,0.614358155534866,0.05361715788084003,3,-2.5379239894335353,0.29528721483557696,3
epochs,e100,0.368224500465216,0.24376923013447893,3,0.013235201460979631,0.00867110133441418,3,0.036011921397462066,0.0003756097872120742,3,0.914224537813638,0.018595451779181243,3,-2.935785228778331,0.16548887587665084,3
epochs,e30,0.4866120289156939,0.15943077148157478,3,0.014981973925330433,0.0039443895604593365,3,0.03134921850358564,0.003388559348460626,3,0.7115633213468668,0.06686880273097479,3,-2.4639439724058296,0.12685003688946767,3
factors,cnn_transformer_k0,0.7802907078087479,0.04138018204712312,3,0.13313737059649508,0.008667822879410675,3,0.17057078847699061,0.0034985617946301554,3,0.8407358829162335,0.012824871873707303,3,0.1297150251817619,0.06013580525393816,3
factors,cnn_transformer_k1,0.5123063232081982,0.19486205827666353,3,0.0205098773187854,0.00725683252967177,3,0.040239222453303365,0.0021079814682384043,3,0.6885193153968293,0.04593540240117924,3,-1.712503920085042,0.20695663423823102,3
factors,cnn_transformer_k10,-0.1483310919295642,0.294805062124044,3,-0.0040352463728854674,0.007999241141827897,3,0.0277318720074254,0.0006915611656942444,3,0.6604551144072323,0.06122756123431094,3,-3.2515490973119143,0.12700474625402453,3
factors,cnn_transformer_k15,-0.01933548401872313,0.2608787790831218,3,-0.0005765832226484668,0.007396005905027306,3,0.028128423388842066,0.0005167892734214556,3,0.8036642516586113,0.018660370383010702,3,-3.8182934914161213,0.2513866930230064,3
factors,cnn_transformer_k3,0.009554605101636067,0.10749882136798833,3,0.0002587142262157332,0.0031143276687348996,3,0.028859614619427033,0.00024322805638917313,3,0.5606475261882584,0.011942555174442732,3,-2.4779376279980267,0.11099311862050433,3
factors,cnn_transformer_k5,0.4866120289156939,0.15943077148157478,3,0.014981973925330433,0.0039443895604593365,3,0.03134921850358564,0.003388559348460626,3,0.7115633213468668,0.06686880273097479,3,-2.4639439724058296,0.12685003688946767,3
factors,cnn_transformer_k8,0.42976036008866214,0.45338943964360556,3,0.015465142508183566,0.01638137339646563,3,0.036125149877311434,0.00035916452232197385,3,0.785723838559448,0.053651376736105476,3,-2.570754692189467,0.5459341125572222,3
factors,fourier_ffn_k0,0.5571939415938405,0.39464077509600737,3,0.10985420768885486,0.07750082154527563,3,0.1966258240501679,0.004819842277984315,3,0.3171949171561765,0.047909739489377864,3,0.3193907070917108,0.3955892476805962,3
factors,fourier_ffn_k1,0.44580614266662494,0.1615831773823427,3,0.016041980915685265,0.006074516641889927,3,0.0361631106076938,0.004563707617302191,3,0.23154330632112696,0.0174489973210088,3,-0.49767677543923045,0.12007632232769472,3
factors,fourier_ffn_k10,-0.30364312354196743,0.4304328981658174,3,-0.007051081110845968,0.008536856043178494,3,0.019786682952458532,0.004574713973990812,3,0.20315869115751717,0.0550649332260262,3,-1.9205900093359223,0.5684889517790099,3
factors,fourier_ffn_k15,-0.12665857168899916,0.4562164389524168,3,-0.0031070920231977338,0.008718437816574512,3,0.0181227821761175,0.0026935694662755636,3,0.17936294519315768,0.01781559162900128,3,-1.8678934779817362,0.602996280742191,3
factors,fourier_ffn_k3,0.1665122549926305,0.3832107742454684,3,0.0032039528810710997,0.00780251661479137,3,0.021239004326696665,0.0031371963221061357,3,0.12525506736400469,0.01915660850609791,3,-0.8369629779994772,0.5490124018112507,3
factors,fourier_ffn_k5,-0.057920506421083394,0.487634009061794,3,-0.0028379494996708665,0.009525423964789163,3,0.02120248059567507,0.004967367841026442,3,0.17568534891054174,0.03346231686617663,3,-1.3794840924297551,0.546819545103095,3
factors,fourier_ffn_k8,0.058530018429407284,0.2615201091503666,3,0.0010828972684079,0.005590441715058876,3,0.022884313851779598,0.0034330843948651582,3,0.2518577650638353,0.05268112762854537,3,-1.8166086931744172,0.3935763362325977,3
factors,ou_threshold_k0,-0.3526325902995731,,1,-0.0540380247700886,,1,0.1532417202964183,,1,1.0702736495155716,,1,-1.3061553074748005,,1
factors,ou_threshold_k1,-0.3456084726953985,,1,-0.0358083414655174,,1,0.1036095590662127,,1,1.0505497909820916,,1,-1.7415840998535743,,1
factors,ou_threshold_k10,-0.1271156030197184,,1,-0.0098853587738215,,1,0.0777666827595361,,1,1.0588524517843276,,1,-2.001187578948955,,1
factors,ou_threshold_k15,-0.3442730862210189,,1,-0.0264303703279724,,1,0.0767715264010049,,1,1.0486501441883895,,1,-2.222365598309106,,1
factors,ou_threshold_k3,-0.1809637680541188,,1,-0.0155487882582901,,1,0.0859221070907416,,1,1.045626735191556,,1,-1.861524999517106,,1
factors,ou_threshold_k5,-0.2602088986919144,,1,-0.0224105700824699,,1,0.0861253023825443,,1,1.0572976421931817,,1,-1.9496139759596616,,1
factors,ou_threshold_k8,-0.0165031993338647,,1,-0.0012414782676837,,1,0.075226520783529,,1,1.0440233466535926,,1,-1.9267398945933052,,1
final,cnn_neutral_cw0,0.4319686385362335,0.15682643146030603,3,0.01960332677238533,0.007335214627894412,3,0.04526489902722223,0.0004814595883303407,3,1.1017853845484316,0.007247862304955499,3,-2.912404939096433,0.2105200918814776,3
final,cnn_neutral_cw0.25,0.42904560081436083,0.05386078090755411,3,0.01955013268424233,0.002435240101166272,3,0.04557419722717113,0.000902200181849957,3,0.8555628954895185,0.013054718401652707,3,-2.2106879534001,0.03613123771626707,3
final,cnn_neutral_cw0.5,0.24305175601905268,0.11428483240341386,3,0.0107214029584193,0.004976725566264068,3,0.044341151933984364,0.0018371408892774031,3,0.5235307859361537,0.04615019602002083,3,-1.533175622080628,0.2025061162815338,3
final,cnn_neutral_cw0.5_k10,-0.037217908074770524,0.10697603939694493,3,-0.0014171251068215002,0.00411098430531753,3,0.03857184903028397,0.0002795176316988577,3,0.387900289451884,0.021558039636301783,3,-1.6306583234617982,0.13058543408353654,3
final,cnn_neutral_cw0.5_k6,0.2956012346462102,0.16581924417731922,3,0.0127107489281947,0.00743020487096201,3,0.0426689607823894,0.0009719993078601267,3,0.442472317849019,0.03058775494644475,3,-1.305971323571529,0.1732884376029172,3
final,cnn_neutral_cw0.5_k7,0.42340676412327793,0.2252519551103413,3,0.017215477587516067,0.009357504086562177,3,0.04050411342420306,0.0006079386792186463,3,0.4219023910951611,0.035590511803472134,3,-1.2011597468968838,0.22444685977366122,3
final,cnn_neutral_cw0.5_k8,0.6670110470654488,0.24406209392312891,3,0.026544586583184798,0.010088105971789534,3,0.03964906945458533,0.0007154486454556782,3,0.4377161134223302,0.0397108354201807,3,-1.0410018345812593,0.17483919752410174,3
final,cnn_neutral_cw1,-0.04177686229126929,0.11430945409649011,3,-0.0017623326430195336,0.0049916287883762815,3,0.04331698362085423,0.0012643817110636986,3,0.2563697932838289,0.013875649382313827,3,-1.079359956549271,0.14298414249489644,3
full_bench,ff5_fourier_ffn,0.9436931453326166,,1,0.0335171297288804,,1,0.0355169791098428,,1,0.6074112537968265,,1,-1.483390566535035,,1
full_bench,ff5_fourier_ffn_neutral,0.365097430425449,,1,0.0160421515159205,,1,0.0439393711898397,,1,0.7525321671210161,,1,-2.083323368589714,,1
full_bench,ff5_ou_threshold,0.1493058678449186,,1,0.0065458740627741,,1,0.0438420415570889,,1,0.9731312434286468,,1,-2.9379222322720566,,1
full_bench,ff5_reversal,0.6797292779151383,,1,0.0384120845463988,,1,0.0565108577700466,,1,0.250404685857176,,1,-0.1061710252800305,,1
full_bench,pca5_fourier_ffn,1.3190002832919985,,1,0.0263362844019054,,1,0.0199668527258952,,1,0.482714189094533,,1,-2.4405269771167215,,1
full_bench,pca5_fourier_ffn_neutral,0.9662598133808928,,1,0.0263738549246556,,1,0.0272947861014471,,1,0.7225437797599158,,1,-2.822994699947192,,1
full_bench,pca5_ou_threshold,0.6159794883579494,,1,0.0227561441642025,,1,0.0369430226075626,,1,0.9724189544689248,,1,-3.04342688875407,,1
full_bench,pca5_reversal,0.8286975293092579,,1,0.0378422093953286,,1,0.045664682295929,,1,0.2502317313840491,,1,-0.1406424238517176,,1
lookback,l10,0.1096551871632729,0.16494728211683088,3,0.0034441736742674,0.0053471212962338515,3,0.0325063802558381,0.0011283395232008255,3,0.8277770386645944,0.018032557341649543,3,-3.1823896560977842,0.06466279719571325,3
lookback,l20,-0.10410698231243799,0.32241319482946174,3,-0.0032501954856318,0.010094940402235006,3,0.031234423630334334,0.0018576679256613307,3,0.7447465113578543,0.02361155764115661,3,-3.1981860155644437,0.4277305010508746,3
lookback,l30,0.4866120289156939,0.15943077148157478,3,0.014981973925330433,0.0039443895604593365,3,0.03134921850358564,0.003388559348460626,3,0.7115633213468668,0.06686880273097479,3,-2.4639439724058296,0.12685003688946767,3
lookback,l60,0.33026728838437963,0.258656083493865,3,0.009393558156177,0.007100144864574849,3,0.02899019077836393,0.0013476110444947673,3,0.5645401327074576,0.032230463127379406,3,-2.187777699690495,0.2831580344782094,3
models,cnn_transformer,0.4866120289156939,0.15943077148157478,3,0.014981973925330433,0.0039443895604593365,3,0.03134921850358564,0.003388559348460626,3,0.7115633213468668,0.06686880273097479,3,-2.4639439724058296,0.12685003688946767,3
models,fourier_ffn,-0.057920506421083394,0.487634009061794,3,-0.0028379494996708665,0.009525423964789163,3,0.02120248059567507,0.004967367841026442,3,0.17568534891054174,0.03346231686617663,3,-1.3794840924297551,0.546819545103095,3
models,ou_ffn,0.4069904458264319,0.5198960710416443,3,0.013722181370727234,0.017096288100492966,3,0.0301454500256963,0.004449299272442249,3,0.18323870625407776,0.05330530001349313,3,-0.6168047323368594,0.3904667231706167,3
models,ou_threshold,-0.2602088986919144,,1,-0.0224105700824699,,1,0.0861253023825443,,1,1.0572976421931817,,1,-1.9496139759596616,,1
models,raw_ffn,-0.11273752484276937,0.34455800027559996,3,-0.0026536156780402665,0.005287099205371841,3,0.0171635706984824,0.006155851305255185,3,0.03804985158422194,0.014739000335098255,3,-0.8244871731594209,0.6309867977246265,3
models,reversal,0.0377621233305202,,1,0.0024481223376326,,1,0.0648301028044695,,1,0.2446263583778428,,1,-0.6354972410899541,,1
neutral,cnn_transformer_neutral,0.4319686385362335,0.15682643146030603,3,0.01960332677238533,0.007335214627894412,3,0.04526489902722223,0.0004814595883303407,3,1.1017853845484316,0.007247862304955499,3,-2.912404939096433,0.2105200918814776,3
neutral,cnn_transformer_neutral_costs,-0.04177686229126929,0.11430945409649011,3,-0.0017623326430195336,0.0049916287883762815,3,0.04331698362085423,0.0012643817110636986,3,0.2563697932838289,0.013875649382313827,3,-1.079359956549271,0.14298414249489644,3
neutral,fourier_ffn_neutral,0.11301812511935849,0.17451957002664809,3,0.0057147476037829005,0.00890660620916223,3,0.04622475353998003,0.004220390616936474,3,0.6517892223982495,0.020497723105828754,3,-1.9441793905116382,0.3326489850193852,3
neutral,ou_ffn_neutral,0.10048241395010883,0.0621726973829022,3,0.005370120433779234,0.0032584464810281395,3,0.05427478743498696,0.0024471953496516623,3,0.46726413755639457,0.026123937828961327,3,-1.2167347721447865,0.05216467497636108,3
neutral,raw_ffn_neutral,-0.10291187091564076,0.16216091141901598,3,-0.006444031684576801,0.01028602114931193,3,0.0607505172420571,0.002691453952411758,3,0.29918961213558287,0.032951745992907566,3,-0.9033407868135027,0.21926252475728075,3
neutral,reversal_neutral,0.0483591516141859,,1,0.0031213309664086,,1,0.0645447834013074,,1,0.2446843916780538,,1,-0.6255752662037202,,1
objective,mean_variance,0.24132585114301952,0.09314673230942783,3,0.012047803176604433,0.005123176976891823,3,0.049501950553592695,0.00202309109899602,3,1.141559054465477,0.014727635661889877,3,-2.8669715055089138,0.1952787593563315,3
objective,sharpe,0.4866120289156939,0.15943077148157478,3,0.014981973925330433,0.0039443895604593365,3,0.03134921850358564,0.003388559348460626,3,0.7115633213468668,0.06686880273097479,3,-2.4639439724058296,0.12685003688946767,3
objective,sharpe_costs,0.22051145359021182,0.11895902194086028,3,0.005888349282779333,0.0027681637143335018,3,0.0272997924134788,0.0016601278487062608,3,0.13820102839154444,0.01583134222162041,3,-0.4339448747725659,0.14123061430211367,3
protocol,constant_w1000,0.22194835655387202,0.12447707197823533,3,0.0063941400840559,0.00337298443798918,3,0.0291436169331724,0.0009443488853433292,3,0.6614017356281132,0.031204184661293637,3,-2.712084727235899,0.1765768493226614,3
protocol,fixed_602020,-0.5303378874247935,0.6128871107793927,3,-0.014687556138044297,0.016274137892663413,3,0.02451113230971193,0.004219022023248518,3,0.4195085138634738,0.1615560152300713,3,-2.664195407460783,1.12168532259461,3
protocol,rolling_w1000,0.4866120289156939,0.15943077148157478,3,0.014981973925330433,0.0039443895604593365,3,0.03134921850358564,0.003388559348460626,3,0.7115633213468668,0.06686880273097479,3,-2.4639439724058296,0.12685003688946767,3
protocol,rolling_w500,0.13465002582509303,0.38119171348235464,3,0.004906812164970333,0.012972805152005343,3,0.0321392425648603,0.00234106545477017,3,0.659948901246215,0.007915519941999865,3,-2.581614172180858,0.5798429155598139,3
protocol,rolling_w750,0.4205434766431651,0.23802632022871617,3,0.0142511411416261,0.00845460804045194,3,0.03341228352525883,0.0012935144281213617,3,0.7183258971488579,0.023399549674395566,3,-2.3811135730516773,0.2743806691020073,3
