run_name,model,lookback,seed,annualized_sharpe,annualized_return,annualized_volatility,max_drawdown,sortino_ratio,calmar_ratio,daily_turnover,net_sharpe_5bps,net_sharpe_10bps,breakeven_cost_bps,win_rate,cvar_95,hac_t_stat
full_bench__pca5_fourier_ffn__s0,fourier_ffn,30,0,1.318811787359165,0.026336284401904782,0.019969706560358763,-0.03497759938063083,2.0882584999403457,0.7529471681378784,0.24135709454726653,-1.7269008595480753,-4.772613506455316,2.1650298965306995,0.5224349814232638,0.002587714879914194,4.522081071892752
ensemble__final-cnn_neutral_cw0.5_k8_b5__ens,cnn_transformer,30,-1,1.1935297369141533,0.04587008626810746,0.038432294436754985,-0.039801133979440295,1.8432720802574574,1.152481893902895,0.11862327525438023,0.4157186329402157,-0.3620924710337219,7.6723624207487875,0.5367498314227916,0.004874127256813872,2.8551928626379137
ensemble__final-cnn_neutral_cw0.5_k8_b3__ens,cnn_transformer,30,-1,1.038763878651916,0.040940374368178094,0.03941258953026897,-0.044120727603852994,1.6148741967693323,0.9279170265678711,0.15103357949677837,0.07307087327459576,-0.8926221321027245,5.378333864218293,0.5185434929197572,0.004956414876301377,2.3981104712808357
ensemble__final-cnn_neutral_cw0.5_k8_b1__ens,cnn_transformer,30,-1,1.0092322681102985,0.03869062368075212,0.03833668908862479,-0.047109252311908434,1.533060117936504,0.8212956432546009,0.23611968389481977,-0.542862129085572,-2.0949565262814422,3.2511948691189563,0.5151719487525287,0.00493445353612769,2.3406846723872854
ensemble__final-cnn_neutral_cw0.5_k8_b2__ens,cnn_transformer,30,-1,0.9821399122373314,0.037887522395078914,0.0385765021083101,-0.04559049130190995,1.4979914752211065,0.8310400110448453,0.1793670292951633,-0.18957055688382088,-1.3612810260049732,4.1910520479260995,0.5198921105866486,0.004893627091770427,2.2623389072941946
full_bench__pca5_fourier_ffn_neutral__s0,fourier_ffn,30,0,0.9661217269474078,0.026373854924655184,0.02729868730722675,-0.049416380331119614,1.5758672739650905,0.5337067334340341,0.3612718898799579,-2.368856077118956,-5.703833881185321,1.4484680014502764,0.5115747356387539,0.0032525117092911124,3.4412523972573643
ensemble__final-cnn_neutral_cw0.5_k8_b10__ens,cnn_transformer,30,-1,0.96410352333268,0.03749515940594713,0.03889121707214092,-0.046978076970662364,1.4545538227310204,0.7981416401817387,0.08397415607745719,0.4199835670899658,-0.12413638915274827,8.859292075869249,0.5279838165879973,0.005136244066479532,2.334290384734236
full_bench__ff5_fourier_ffn__s0,fourier_ffn,30,0,0.9435582838606401,0.033517129728879866,0.03552205550222292,-0.08860297899140013,1.4754849263741878,0.3782844562385724,0.30370562689841324,-1.2109853340786643,-3.3655289520179688,2.189694086497768,0.5215775935981709,0.004581856663976256,3.211969352267462
final__cnn_neutral_cw0.5_k8__s2,cnn_transformer,30,2,0.9350674370643844,0.037581356216342385,0.04019106507903634,-0.04570623931969453,1.4236018048558703,0.8222368931619409,0.2414366405251297,-0.5787524453568929,-2.09257232777817,3.0884369003292256,0.5111260957518543,0.005276123278829372,2.153864310802427
factors__fourier_ffn_k0__s1,fourier_ffn,30,1,0.8556488236052422,0.16552898181016296,0.19345434393600075,-0.3009118454275085,1.2580707959523711,0.5500912786434007,0.1862581583544317,0.6130228119564953,0.3703968003077485,17.6330810079007,0.5300067430883345,0.027731406171803807,2.4203781443799475
models__ou_ffn__s2,ou_ffn,30,2,0.8519400681865666,0.0297334590393569,0.03490088111790225,-0.048226339093344284,1.3406223695565407,0.616539832762471,0.11652516110992406,0.01057619257259089,-0.8307876830413848,5.062851477696692,0.523937963587323,0.0048282646720115875,2.1584808957340935
full_bench__pca5_reversal__s0,reversal,30,0,0.8285791016517299,0.03784220939532812,0.04567120908539887,-0.11237972261998919,1.2938443755713391,0.33673520910256305,0.12511586569202454,0.13822737272257177,-0.5521243562065863,6.001137296613885,0.5272935124321234,0.0059471550596832505,2.9857617567983534
factors__cnn_transformer_k0__s0,cnn_transformer,30,0,0.8272145210085179,0.14306839966914484,0.17295199254326396,-0.1853588862361535,1.2865934048440966,0.7718453783050415,0.4133518987567077,0.22493942168791567,-0.37733567763268644,6.867414259211937,0.5448415374241402,0.02379509986989366,2.5117604182854274
factors__cnn_transformer_k8__s0,cnn_transformer,30,0,0.7760806595715736,0.0281287419088539,0.03624461138405646,-0.042457427069436116,1.1100625010460057,0.690374769639474,0.4041541236657197,-2.0339050258746907,-4.843890711320954,1.3809334751972613,0.5414699932569117,0.005226014711221014,1.88931203822749
factors__cnn_transformer_k0__s2,cnn_transformer,30,2,0.7628535901417847,0.12709382561650784,0.16660316902078953,-0.2434375183568689,1.1609068358646892,0.5220798604683184,0.4218264035261323,0.12480898202679314,-0.5132356260881983,5.978058433841506,0.5273095077545515,0.022347258329854642,2.1137159721487007
factors__cnn_transformer_k0__s1,cnn_transformer,30,1,0.7500146438085679,0.12924988650383085,0.17232981725196866,-0.185323397833298,1.1577038697880946,0.6974288622750922,0.42592552209151013,0.12717854220622357,-0.49565755939612055,6.0209631545043445,0.519217801753203,0.023827733594789915,2.143965516817363
ensemble__final-cnn_neutral_cw0_b3__ens,cnn_transformer,30,-1,0.7306174963538515,0.03319891701143955,0.04543953187149067,-0.07505095138444096,1.0678394309258152,0.44235171438908677,0.29090956197997175,-0.8827179980848138,-2.496053492523479,2.264307389480879,0.5151719487525287,0.006384676775077357,1.732997156092095
ensemble__neutral-cnn_transformer_neutral_b3__ens,cnn_transformer,30,-1,0.7306174963538515,0.03319891701143955,0.04543953187149067,-0.07505095138444096,1.0678394309258152,0.44235171438908677,0.29090956197997175,-0.8827179980848138,-2.496053492523479,2.264307389480879,0.5151719487525287,0.006384676775077357,1.732997156092095
factors__cnn_transformer_k1__s2,cnn_transformer,30,2,0.7233291008212459,0.027922576444255477,0.038602866126294426,-0.11427853742549365,1.0023732776409284,0.24433788770232692,0.32807098413480384,-1.4183224473174834,-3.559973995456213,1.688717993013098,0.5185434929197572,0.005914314572526002,1.7331673179301408
ensemble__final-cnn_neutral_cw0.25_b3__ens,cnn_transformer,30,-1,0.7210142661674479,0.032973579342276856,0.04573221486663219,-0.05958209763463962,1.0470574532772114,0.5534142074767074,0.23461123792492194,-0.5717731514001587,-1.8645605689677651,2.7886033557011403,0.5300067430883345,0.006348531250618049,1.7050100706219986
ensemble__models-cnn_transformer_b3__ens,cnn_transformer,30,-1,0.7186293635079547,0.01850621659914482,0.02575210190244331,-0.05966381589309999,1.0502056855699753,0.3101748743711293,0.1430680029202018,-0.6813781726718476,-2.08138570885165,2.56651962556172,0.5232636547538773,0.003651086457192958,1.65548079933481
factors__fourier_ffn_k0__s0,fourier_ffn,30,0,0.7055868170777159,0.1426931503219,0.20223329981260585,-0.30544052824246204,1.028417551603885,0.4671716328640868,0.1447742077925231,0.52518576345538,0.3447847098330443,19.556061422868424,0.5320296695886716,0.02901112542514261,1.9791145333765288
final__cnn_neutral_cw0.5_k7__s2,cnn_transformer,30,2,0.6829234487229974,0.02799823551044365,0.04099761922481607,-0.047996816462237746,1.0124695368042438,0.5833352620891358,0.22139286918212542,-0.6779117433879881,-2.0387469354989736,2.509207039478518,0.5178691840863116,0.005460667330585112,1.5970168888134206
full_bench__ff5_reversal__s0,reversal,30,0,0.6796321390396238,0.03841208454639828,0.05651893478827785,-0.11824103538565056,1.0373844041206663,0.32486255233739564,0.12520234292858803,0.12139461145359551,-0.4368429161324327,6.087302496291669,0.5155758788225208,0.00769621409085334,2.4163971603370054
protocol__rolling_w750__s2,cnn_transformer,30,2,0.6615682629363043,0.02284832088409362,0.034536603649461116,-0.04490009002831741,0.9635892606614997,0.5088702688499006,0.3642569411612716,-1.99627123119336,-4.654110725323025,1.2445602234399438,0.5084288604180714,0.0048521122732556425,1.7358994311732077
ensemble__final-cnn_neutral_cw0.5_k7_b5__ens,cnn_transformer,30,-1,0.6548814468683697,0.026219177799616217,0.04003652558031048,-0.06789284571783338,0.9558418187794766,0.3861846932824919,0.11449835399454322,-0.06580010050383213,-0.7864816478760339,4.543486989893407,0.5097774780849629,0.005512279844979686,1.5505456306471508
epochs__e100__s0,cnn_transformer,30,0,0.6376062530368777,0.02278708809875948,0.035738495333485276,-0.04764553467048238,0.9215010053281416,0.48611452255388016,0.46704065769067765,-2.6556002639083625,-5.9488067808536025,0.9680629650100375,0.5111260957518543,0.005015331879850919,1.6103293750070062
ensemble__final-cnn_neutral_cw0.5_k8_b20__ens,cnn_transformer,30,-1,0.6330646595713906,0.02486912609836715,0.03928370620973301,-0.05741641335821812,0.9246792974347603,0.43313618256178615,0.058480141199513815,0.2579219603668483,-0.11722073883769402,8.437651337927534,0.5144976399190829,0.0052272887189100115,1.5754079754251913
ensemble__final-cnn_neutral_cw0.5_k6_b3__ens,cnn_transformer,30,-1,0.6274748122372531,0.027693934462838146,0.044135531694245694,-0.05294172254044194,0.9179966180403504,0.5231022553465909,0.1433025419398988,-0.19073761622121613,-1.0089500446796853,3.8344248413546462,0.528658125421443,0.006014759649405875,1.580487915631642
models__cnn_transformer__s0,cnn_transformer,30,0,0.6269635130961626,0.017207549364511836,0.027445854511588735,-0.053541319845203494,0.9072634748943023,0.32138821781498983,0.3173992367751013,-2.2873056576287945,-5.201574828353752,1.0756788003563145,0.5313553607552259,0.003917296603658884,1.5537467976680404
epochs__e30__s0,cnn_transformer,30,0,0.6269635130961626,0.017207549364511836,0.027445854511588735,-0.053541319845203494,0.9072634748943023,0.32138821781498983,0.3173992367751013,-2.2873056576287945,-5.201574828353752,1.0756788003563145,0.5313553607552259,0.003917296603658884,1.5537467976680404
lookback__l30__s0,cnn_transformer,30,0,0.6269635130961626,0.017207549364511836,0.027445854511588735,-0.053541319845203494,0.9072634748943023,0.32138821781498983,0.3173992367751013,-2.2873056576287945,-5.201574828353752,1.0756788003563145,0.5313553607552259,0.003917296603658884,1.5537467976680404
protocol__rolling_w1000__s0,cnn_transformer,30,0,0.6269635130961626,0.017207549364511836,0.027445854511588735,-0.053541319845203494,0.9072634748943023,0.32138821781498983,0.3173992367751013,-2.2873056576287945,-5.201574828353752,1.0756788003563145,0.5313553607552259,0.003917296603658884,1.5537467976680404
architecture__d8_h4_drop25__s0,cnn_transformer,30,0,0.6269635130961626,0.017207549364511836,0.027445854511588735,-0.053541319845203494,0.9072634748943023,0.32138821781498983,0.3173992367751013,-2.2873056576287945,-5.201574828353752,1.0756788003563145,0.5313553607552259,0.003917296603658884,1.5537467976680404
objective__sharpe__s0,cnn_transformer,30,0,0.6269635130961626,0.017207549364511836,0.027445854511588735,-0.053541319845203494,0.9072634748943023,0.32138821781498983,0.3173992367751013,-2.2873056576287945,-5.201574828353752,1.0756788003563145,0.5313553607552259,0.003917296603658884,1.5537467976680404
factors__cnn_transformer_k5__s0,cnn_transformer,30,0,0.6269635130961626,0.017207549364511836,0.027445854511588735,-0.053541319845203494,0.9072634748943023,0.32138821781498983,0.3173992367751013,-2.2873056576287945,-5.201574828353752,1.0756788003563145,0.5313553607552259,0.003917296603658884,1.5537467976680404
factors__fourier_ffn_k1__s2,fourier_ffn,30,2,0.6221346413709239,0.023049839858447836,0.03704960040105733,-0.061714232036374606,0.9230917317362942,0.3734931003413061,0.11445588236060439,-0.1563591087006474,-0.9348528587722187,3.995758741246976,0.5246122724207687,0.0051636206112121285,1.485706584257389
ensemble__final-cnn_neutral_cw0_b2__ens,cnn_transformer,30,-1,0.6209384996420869,0.027699563062349202,0.04460918928092785,-0.05362063031549558,0.8994269003978983,0.5165840628759713,0.3641170828296227,-1.4359808560363807,-3.4929002117148484,1.5093895099190033,0.5111260957518543,0.006368736996371736,1.5257666753890935
full_bench__pca5_ou_threshold__s0,ou_threshold,30,0,0.6158914598489788,0.022756144164202137,0.03694830282235464,-0.0838732631397282,0.9258921905089534,0.2713158319152554,0.48620947723446245,-2.7002226483463785,-6.016336756541736,0.9286342986914727,0.5135753072306374,0.004912519346249363,2.3070382876801427
ensemble__final-cnn_neutral_cw0.5_k7_b3__ens,cnn_transformer,30,-1,0.6140952224416462,0.024946356828940152,0.04062294562356844,-0.07794569235570958,0.8980522246558024,0.3200479215079102,0.15038221833336732,-0.3187844207820114,-1.2516640640056687,3.291395770624705,0.5232636547538773,0.005492229557661365,1.4372543282400614
final__cnn_neutral_cw0.5_k8__s1,cnn_transformer,30,1,0.6071101707665159,0.024252991060394,0.03994825359254488,-0.08388658377137581,0.8812610947901891,0.28911644711260914,0.20412010170683598,-0.6805122158031451,-1.9681346023728061,2.3574853043053663,0.5171948752528658,0.005575420369918161,1.4051649177235954
final__cnn_neutral_cw0__s2,cnn_transformer,30,2,0.6060762712040808,0.02776450999203969,0.04581025740684492,-0.07924499147187258,0.8651375809105467,0.3503629627103342,0.5480188063982545,-2.4085485536659337,-5.423173378535949,1.005226697206366,0.519217801753203,0.006656359312984381,1.5495557308550862
neutral__cnn_transformer_neutral__s2,cnn_transformer,30,2,0.6060762712040808,0.02776450999203969,0.04581025740684492,-0.07924499147187258,0.8651375809105467,0.3503629627103342,0.5480188063982545,-2.4085485536659337,-5.423173378535949,1.005226697206366,0.519217801753203,0.006656359312984381,1.5495557308550862
factors__cnn_transformer_k8__s2,cnn_transformer,30,2,0.5960808733602931,0.021301922512106913,0.03573663149434968,-0.05751871488417504,0.8593942782762569,0.37034767822965226,0.3622361824517169,-1.9582594256761596,-4.512599724712612,1.1668000414532602,0.523937963587323,0.00511462662622653,1.5135566902774726
architecture__d16_h4_ff32_drop50__s2,cnn_transformer,30,2,0.5889511196665577,0.02047635683845942,0.03476749793777857,-0.0665132445728881,0.8680933858412527,0.3078538262559251,0.44746058380638487,-2.6543097937592317,-5.897570707185022,0.9079613626343442,0.5198921105866486,0.004763475761014779,1.5287741053314758
ensemble__neutral-cnn_transformer_neutral_b5__ens,cnn_transformer,30,-1,0.5821424187630883,0.02677044811467515,0.04598608047074782,-0.055967390650853654,0.8343732916070733,0.4783222480690553,0.21635598987942176,-0.6034708992559601,-1.7890842172750085,2.4550264825624004,0.5212407282535402,0.00652511214615333,1.4480992808635107
ensemble__final-cnn_neutral_cw0_b5__ens,cnn_transformer,30,-1,0.5821424187630883,0.02677044811467515,0.04598608047074782,-0.055967390650853654,0.8343732916070733,0.4783222480690553,0.21635598987942176,-0.6034708992559601,-1.7890842172750085,2.4550264825624004,0.5212407282535402,0.00652511214615333,1.4480992808635107
ensemble__final-cnn_neutral_cw0.25_b2__ens,cnn_transformer,30,-1,0.5795133981563497,0.026276509395617268,0.04534236737099218,-0.055141302476736764,0.8375684368612514,0.47653044479141016,0.2958168057664446,-1.0645523923042253,-2.7086181827648,1.7624398047781367,0.5212407282535402,0.006409138784233613,1.4315589836816935
lookback__l60__s2,cnn_transformer,60,2,0.5703335804185966,0.015652765690299483,0.027444930875034797,-0.06413515762194133,0.8440832611913522,0.24405905077163276,0.2638108711303995,-1.8519840354488324,-4.274301651316262,1.177247724828936,0.5216792842395045,0.003858407164979599,1.4242917188282904
ensemble__final-cnn_neutral_cw0.25_b5__ens,cnn_transformer,30,-1,0.5579394711701247,0.025530456651776483,0.0457584701764035,-0.06419129847645244,0.8041764480277129,0.39772457105135695,0.17353114726641583,-0.3977272926564157,-1.3533940564829559,2.9191109929161154,0.5124747134187457,0.006466101121490412,1.3689956910431416
ensemble__final-cnn_neutral_cw0.5_k7_b1__ens,cnn_transformer,30,-1,0.5559526483383674,0.02206133228798941,0.039682034709118436,-0.07063386168818508,0.8071069190900675,0.31233365641794064,0.24626234356763543,-1.0079316391975226,-2.571815926733412,1.7774737324535235,0.5158462575859744,0.0053974702794823025,1.3691225279340047
protocol__rolling_w500__s2,cnn_transformer,30,2,0.5556580370823233,0.019363893924834535,0.034848580660349,-0.055514094821327076,0.8167487847999414,0.34881040548634734,0.33224817599156514,-1.8469230369049787,-4.249504110892281,1.1563772875313594,0.5151719487525287,0.004955406046159588,1.364824977909303
ensemble__final-cnn_neutral_cw0.5_k6_b1__ens,cnn_transformer,30,-1,0.5536344065106117,0.024254664603569235,0.04380989389087823,-0.060916372480167014,0.8195983167411883,0.39816331170189506,0.2609744010631148,-0.9475230542153583,-2.448680514941328,1.8440250972835,0.4996628455832771,0.005896438163917463,1.416769237966678
architecture__d8_h2__s2,cnn_transformer,30,2,0.5455462741974427,0.01753427764801787,0.032140770595148284,-0.08022212483658553,0.7815773947245791,0.21857159335701326,0.36257211186203897,-2.2972036193917926,-5.1399535129810285,0.9595396968050536,0.5205664194200944,0.004541203406382488,1.3806051665334191
ensemble__neutral-cnn_transformer_neutral_b1__ens,cnn_transformer,30,-1,0.5418781391727191,0.024769782240580778,0.045710982691415825,-0.09031309282717348,0.7714229082789865,0.2742656846885045,0.5372046869909035,-2.4196766809368517,-5.381231501046423,0.914854142650432,0.5252865812542145,0.006567122598514247,1.4296306380864983
ensemble__final-cnn_neutral_cw0_b1__ens,cnn_transformer,30,-1,0.5418781391727191,0.024769782240580778,0.045710982691415825,-0.09031309282717348,0.7714229082789865,0.2742656846885045,0.5372046869909035,-2.4196766809368517,-5.381231501046423,0.914854142650432,0.5252865812542145,0.006567122598514247,1.4296306380864983
ensemble__final-cnn_neutral_cw0.5_b3__ens,cnn_transformer,30,-1,0.5401792622840014,0.02500711085679433,0.04629409642839408,-0.06328021687381269,0.7690501454911411,0.3951805491858838,0.18204569619794156,-0.4507789587677856,-1.4417371798195724,2.725540041994222,0.523937963587323,0.006698068560746559,1.3286661539571099
ensemble__final-cnn_neutral_cw0.5_k6_b2__ens,cnn_transformer,30,-1,0.5367807366203035,0.023495470147195812,0.04377107549560881,-0.04597449072681181,0.7916497914843462,0.5110544951288208,0.1808957944481269,-0.5046773423684391,-1.5461354213571816,2.5770635777366975,0.5198921105866486,0.005903172550197215,1.3763610587297601
ensemble__final-cnn_neutral_cw0.5_k6_b5__ens,cnn_transformer,30,-1,0.5333560771353858,0.023733621389854645,0.044498642477884744,-0.07786277510270989,0.7684574260426537,0.30481345365031576,0.10668027318342761,-0.07078434929637518,-0.674924775728136,4.41417304487924,0.5246122724207687,0.006257729128033172,1.3050047000534926
models__ou_ffn__s1,ou_ffn,30,1,0.5329255016893691,0.01571715788640758,0.029492223278083585,-0.045253128946989074,0.788357894069135,0.34731648953645106,0.09482337408661617,-0.2773047086449132,-1.0875349189791954,3.2887289000832016,0.5171948752528658,0.004371930021814205,1.359155932651387
epochs__e30__s2,cnn_transformer,30,2,0.5191103184893847,0.017310598630608198,0.03334666642917479,-0.07118734049715691,0.7613335814142823,0.2431696213078811,0.3785716705378847,-2.341747188157278,-5.202604694803941,0.9072634992888143,0.5016857720836143,0.004553546471630953,1.3503861162193038
architecture__d8_h4_drop25__s2,cnn_transformer,30,2,0.5191103184893847,0.017310598630608198,0.03334666642917479,-0.07118734049715691,0.7613335814142823,0.2431696213078811,0.3785716705378847,-2.341747188157278,-5.202604694803941,0.9072634992888143,0.5016857720836143,0.004553546471630953,1.3503861162193038
models__cnn_transformer__s2,cnn_transformer,30,2,0.5191103184893847,0.017310598630608198,0.03334666642917479,-0.07118734049715691,0.7613335814142823,0.2431696213078811,0.3785716705378847,-2.341747188157278,-5.202604694803941,0.9072634992888143,0.5016857720836143,0.004553546471630953,1.3503861162193038
protocol__rolling_w1000__s2,cnn_transformer,30,2,0.5191103184893847,0.017310598630608198,0.03334666642917479,-0.07118734049715691,0.7613335814142823,0.2431696213078811,0.3785716705378847,-2.341747188157278,-5.202604694803941,0.9072634992888143,0.5016857720836143,0.004553546471630953,1.3503861162193038
lookback__l30__s2,cnn_transformer,30,2,0.5191103184893847,0.017310598630608198,0.03334666642917479,-0.07118734049715691,0.7613335814142823,0.2431696213078811,0.3785716705378847,-2.341747188157278,-5.202604694803941,0.9072634992888143,0.5016857720836143,0.004553546471630953,1.3503861162193038
objective__sharpe__s2,cnn_transformer,30,2,0.5191103184893847,0.017310598630608198,0.03334666642917479,-0.07118734049715691,0.7613335814142823,0.2431696213078811,0.3785716705378847,-2.341747188157278,-5.202604694803941,0.9072634992888143,0.5016857720836143,0.004553546471630953,1.3503861162193038
factors__cnn_transformer_k5__s2,cnn_transformer,30,2,0.5191103184893847,0.017310598630608198,0.03334666642917479,-0.07118734049715691,0.7613335814142823,0.2431696213078811,0.3785716705378847,-2.341747188157278,-5.202604694803941,0.9072634992888143,0.5016857720836143,0.004553546471630953,1.3503861162193038
ensemble__models-cnn_transformer_b1__ens,cnn_transformer,30,-1,0.5154643698451897,0.015415178209590721,0.02990541948461033,-0.06209793379774964,0.7445771526956769,0.24823979264426685,0.33248266307583135,-2.2862228339817467,-5.087910037808684,0.9199177715861648,0.5097774780849629,0.0041827692206177075,1.36381451118519
ensemble__final-cnn_neutral_cw0.5_b5__ens,cnn_transformer,30,-1,0.509769383200478,0.02360233048854449,0.0463000157843186,-0.07057238515950004,0.7262452400457556,0.3344414452650521,0.13627561091043308,-0.23194643196043763,-0.9736622471213533,3.436419803788889,0.5151719487525287,0.006621742683800431,1.2569581886681014
ensemble__final-cnn_neutral_cw0.5_k7_b2__ens,cnn_transformer,30,-1,0.5078329071628521,0.020419838517662055,0.04020975842574497,-0.06843759660641202,0.7335310509009317,0.29837164848289116,0.18526873930313167,-0.6532713653387351,-1.8143756378403224,2.1868531500135266,0.5205664194200944,0.0055148713138182,1.209110828321787
architecture__d8_h4_drop50__s0,cnn_transformer,30,0,0.4960543782401363,0.012492421515077609,0.025183572735306286,-0.056924718086805104,0.7059390500720741,0.21945513188186283,0.2603258927141844,-2.108902656787824,-4.713859691815785,0.9521354317362317,0.5178691840863116,0.003678064838648356,1.2386119435344523
factors__fourier_ffn_k5__s1,fourier_ffn,30,1,0.49578955022020227,0.0077658608084466355,0.01566362341642229,-0.03233551107152688,0.7115802926101252,0.2401650863432533,0.06948714932487855,-0.6221357959363263,-1.740061142092855,2.2174537500412987,0.5266351989211059,0.0022226696735310244,1.2083786656787419
models__fourier_ffn__s1,fourier_ffn,30,1,0.49578955022020227,0.0077658608084466355,0.01566362341642229,-0.03233551107152688,0.7115802926101252,0.2401650863432533,0.06948714932487855,-0.6221357959363263,-1.740061142092855,2.2174537500412987,0.5266351989211059,0.0022226696735310244,1.2083786656787419
ensemble__final-cnn_neutral_cw0.5_b2__ens,cnn_transformer,30,-1,0.4914054696424662,0.022521923030215267,0.045831649058773474,-0.051864217983161987,0.6998107882171851,0.43424780910661215,0.22753825971436115,-0.759687227774726,-2.010779925191918,1.9639051153321576,0.5151719487525287,0.0065910319624528065,1.231160938224824
final__cnn_neutral_cw0.25__s2,cnn_transformer,30,2,0.49100501533835794,0.022309213690221995,0.04543581632225982,-0.06701068190143122,0.7074480977865065,0.33292026072855174,0.4320373493683283,-1.9051973829770807,-4.3013997812925195,1.0245482929228782,0.5050573162508429,0.006532171421460828,1.267179990834531
ensemble__final-cnn_neutral_cw0.25_b1__ens,cnn_transformer,30,-1,0.48369352425460277,0.02245307116014301,0.04642003672623978,-0.07010561305221308,0.6916463517242744,0.32027494208520507,0.42976626042248967,-1.8493743762550106,-4.1824422767646245,1.0366040442906725,0.5144976399190829,0.006628317793699792,1.2737570860477647
final__cnn_neutral_cw0.5_k6__s2,cnn_transformer,30,2,0.4836638180233498,0.02117137170787856,0.04377290779037864,-0.07485742714072074,0.7102644753961944,0.28282259378324487,0.22858623207526935,-0.8323038293356697,-2.1482714766946893,1.837673665435475,0.5185434929197572,0.006028197303859104,1.1783365901337557
ensemble__final-cnn_neutral_cw0.5_k7_b10__ens,cnn_transformer,30,-1,0.4809109628108526,0.01947574360994136,0.04049760790668725,-0.07375741102926658,0.6966099322894562,0.2640513453246641,0.07922122866721067,-0.01205024295064954,-0.5050114487121516,4.877776964903,0.5050573162508429,0.005646938004662461,1.1254100292452747
factors__cnn_transformer_k1__s0,cnn_transformer,30,0,0.47356529120951363,0.020187391985024932,0.042628529496883415,-0.10360264240662509,0.680188646134952,0.19485402607582697,0.3705463124916144,-1.716931820700333,-3.90742893261018,1.080953927386424,0.5131490222521915,0.006155625363043921,1.2570217533064287
factors__fourier_ffn_k3__s1,fourier_ffn,30,1,0.4728989588681662,0.008430240774288573,0.017826727287506547,-0.040700588925327796,0.6685427387110588,0.2071282258287559,0.052073712935870244,-0.26321908726562754,-0.9993371333994212,3.212113609711819,0.5306810519217802,0.0026810233031774908,1.1135579343026785
ensemble__final-cnn_neutral_cw0.5_k6_b20__ens,cnn_transformer,30,-1,0.46121689636519875,0.020472686713059338,0.04438841437597452,-0.09732422280114517,0.672821749498019,0.21035551195605015,0.050466116860338056,0.17471282480528763,-0.11179124675462346,8.049046106989675,0.5077545515846258,0.006014724850945886,1.1460077133165525
final__cnn_neutral_cw0.5_k8__s0,cnn_transformer,30,0,0.45818076243369377,0.017799412472816783,0.03884801356188029,-0.060440505030241676,0.6580741418778482,0.29449476743966335,0.2110174279015297,-0.9106509217522114,-2.2794826059381164,1.6736198019341972,0.5158462575859744,0.0054831159174175415,1.1034085549225046
ensemble__final-cnn_neutral_cw0.5_k6_b10__ens,cnn_transformer,30,-1,0.4460925258816712,0.019847753488828158,0.044492459158782006,-0.08383901841908625,0.6503530857570834,0.23673647262442266,0.07259767908069752,0.03490790102092668,-0.37627672383981775,5.42447964868274,0.5198921105866486,0.006001422667178122,1.0808124643483696
ensemble__models-cnn_transformer_b5__ens,cnn_transformer,30,-1,0.4211684246208501,0.0100905708199362,0.023958516902163482,-0.054562683703762604,0.5997211530199776,0.1849353832139365,0.0940697545082192,-0.5682742121197654,-1.5577168488603808,2.128311480533359,0.5178691840863116,0.0035297145727975275,1.0274725298976386
protocol__rolling_w750__s1,cnn_transformer,30,1,0.41382419439903295,0.013958393563149757,0.03373025007254718,-0.07103418306290887,0.6074458692242102,0.19650248600436454,0.36745214907162643,-2.3314249919215477,-5.076674178242129,0.7537097114190856,0.5050573162508429,0.004632634115919941,1.03338254366144
factors__fourier_ffn_k1__s1,fourier_ffn,30,1,0.4096938743802626,0.012797256404417272,0.031236142897609783,-0.07476221689899265,0.568000915155553,0.1711727786470938,0.10777977340311688,-0.45982778796505214,-1.3293494503103669,2.3558577786044856,0.5178691840863116,0.004821445074385596,0.9718368902717862
final__cnn_neutral_cw0.25__s1,cnn_transformer,30,1,0.4003665595815522,0.018640696799567397,0.04655907531100984,-0.073096711655256,0.582974861595189,0.25501416380374337,0.4310406941787129,-1.9326319849009175,-4.265630529383388,0.8580514559865825,0.5131490222521915,0.006487695863845243,1.0170510070322625
final__cnn_neutral_cw0.25__s0,cnn_transformer,30,0,0.39533119048421933,0.017700487562937326,0.044773819999522374,-0.05894049621682196,0.5600373556961731,0.30031113918387975,0.4202662996872365,-1.9700490143388976,-4.335429219162014,0.8356609852363716,0.5212407282535402,0.0064544204139764276,0.974515468853017
final__cnn_neutral_cw0__s1,cnn_transformer,30,1,0.38717910478788264,0.01748530744879239,0.045160772450186265,-0.08443502401656156,0.566379825295056,0.2070859533996745,0.5496955391667072,-2.6801571774425796,-5.747493459673042,0.6311324699395843,0.5037086985839514,0.006311625061324405,1.024537118511545
neutral__cnn_transformer_neutral__s1,cnn_transformer,30,1,0.38717910478788264,0.01748530744879239,0.045160772450186265,-0.08443502401656156,0.566379825295056,0.2070859533996745,0.5496955391667072,-2.6801571774425796,-5.747493459673042,0.6311324699395843,0.5037086985839514,0.006311625061324405,1.024537118511545
ensemble__final-cnn_neutral_cw0.5_b1__ens,cnn_transformer,30,-1,0.3725764806867247,0.017121697292455915,0.045954852708087156,-0.05251499599653486,0.526338643540634,0.32603443964054885,0.31610835160670814,-1.3608488250345137,-3.094274130755752,1.0746828243969366,0.5198921105866486,0.006660105035159624,0.9745973980954982
final__cnn_neutral_cw0.5__s2,cnn_transformer,30,2,0.36612437118352353,0.01620615293664426,0.04426406492486883,-0.05241349120106287,0.5257429288440351,0.30919811989772367,0.2591742929216093,-1.1093822712159507,-2.584888913615425,1.2406734089252582,0.5171948752528658,0.006241081463634889,0.9493798783896341
architecture__d8_h2__s0,cnn_transformer,30,0,0.3651069987227947,0.010295755482377003,0.02819928272641521,-0.05763442763169113,0.5191455494404975,0.17863898203642123,0.32568009779577667,-2.5452998169674754,-5.455706632657746,0.6272439247229448,0.5232636547538773,0.004071221809630213,0.8879543463435075
full_bench__ff5_fourier_ffn_neutral__s0,fourier_ffn,30,0,0.36504525501532675,0.016042151515920085,0.04394565138299509,-0.1234100892724096,0.5278744703783932,0.12999059971919638,0.37626608356050806,-1.7925983359484554,-3.9502419269122377,0.8459350203716157,0.5121463275221492,0.005823436045321929,1.2921232536862708
lookback__l60__s1,cnn_transformer,60,1,0.3636608848779617,0.010849671114070323,0.029834583715846383,-0.07070699718523232,0.5155929600943324,0.15344550816728553,0.2894639154220794,-2.081317311604128,-4.526295508086218,0.7436894230819896,0.5230557467309016,0.004338032737762355,0.9184076876223826
factors__fourier_ffn_k8__s1,fourier_ffn,30,1,0.3596794998194542,0.007535835868202391,0.020951530103842736,-0.04173806535265423,0.5324288157357784,0.1805506748942492,0.12088781873873658,-1.0943303109759037,-2.5483401217712616,1.2368537583068506,0.4983142279163857,0.002801888463952995,0.9017673936715144
protocol__constant_w1000__s1,cnn_transformer,30,1,0.35943002308989186,0.010086767769784457,0.028063231009675012,-0.06636336531029918,0.538790643474403,0.15199301184654262,0.31919369180504814,-2.5068404468763403,-5.373110916842572,0.6269994874107716,0.5077545515846258,0.003724785871169647,0.8806158851271814
objective__sharpe_costs__s0,cnn_transformer,30,0,0.35764926731120533,0.00908121815506763,0.025391407127267198,-0.05043602976553663,0.49690747447935657,0.18005418343362448,0.05998701198391661,-0.23769887326953115,-0.8330470138502677,3.0036985331165544,0.5279838165879973,0.003959435078053062,0.8831962654890727
objective__mean_variance__s2,cnn_transformer,30,2,0.34590677769102474,0.017874508709603387,0.05167435234694789,-0.10112286617169475,0.4868950739668278,0.17676030542147725,0.572505367194723,-2.446026666668661,-5.237960111028347,0.6194753288081275,0.5144976399190829,0.007610245102243838,0.8767551261984291
factors__cnn_transformer_k1__s1,cnn_transformer,30,1,0.3395063111924329,0.013419663527074502,0.03952699282655812,-0.1084128145951454,0.47834704114476956,0.1237830009043587,0.3341616764688258,-1.790904743340519,-3.921315797873471,0.7968094008666852,0.5124747134187457,0.005844573606268171,0.8824638061521839
architecture__d8_h4_drop25__s1,cnn_transformer,30,1,0.3132699819771498,0.010427773780870158,0.03328685919747897,-0.07083165263186164,0.45788255495976,0.14721912299670017,0.37137407470731426,-2.4982378947807478,-5.309745771538646,0.5571209395621511,0.5097774780849629,0.004742436233381,0.8196252274811839
lookback__l30__s1,cnn_transformer,30,1,0.3132699819771498,0.010427773780870158,0.03328685919747897,-0.07083165263186164,0.45788255495976,0.14721912299670017,0.37137407470731426,-2.4982378947807478,-5.309745771538646,0.5571209395621511,0.5097774780849629,0.004742436233381,0.8196252274811839
protocol__rolling_w1000__s1,cnn_transformer,30,1,0.3132699819771498,0.010427773780870158,0.03328685919747897,-0.07083165263186164,0.45788255495976,0.14721912299670017,0.37137407470731426,-2.4982378947807478,-5.309745771538646,0.5571209395621511,0.5097774780849629,0.004742436233381,0.8196252274811839
factors__cnn_transformer_k5__s1,cnn_transformer,30,1,0.3132699819771498,0.010427773780870158,0.03328685919747897,-0.07083165263186164,0.45788255495976,0.14721912299670017,0.37137407470731426,-2.4982378947807478,-5.309745771538646,0.5571209395621511,0.5097774780849629,0.004742436233381,0.8196252274811839
objective__sharpe__s1,cnn_transformer,30,1,0.3132699819771498,0.010427773780870158,0.03328685919747897,-0.07083165263186164,0.45788255495976,0.14721912299670017,0.37137407470731426,-2.4982378947807478,-5.309745771538646,0.5571209395621511,0.5097774780849629,0.004742436233381,0.8196252274811839
epochs__e30__s1,cnn_transformer,30,1,0.3132699819771498,0.010427773780870158,0.03328685919747897,-0.07083165263186164,0.45788255495976,0.14721912299670017,0.37137407470731426,-2.4982378947807478,-5.309745771538646,0.5571209395621511,0.5097774780849629,0.004742436233381,0.8196252274811839
models__cnn_transformer__s1,cnn_transformer,30,1,0.3132699819771498,0.010427773780870158,0.03328685919747897,-0.07083165263186164,0.45788255495976,0.14721912299670017,0.37137407470731426,-2.4982378947807478,-5.309745771538646,0.5571209395621511,0.5097774780849629,0.004742436233381,0.8196252274811839
neutral__fourier_ffn_neutral__s2,fourier_ffn,30,2,0.3114975953008991,0.015886799201876717,0.05100135423687767,-0.07379426096852748,0.45160338908652076,0.21528502343363085,0.32505104167187326,-1.294594315922963,-2.900686227146825,0.9697377625902308,0.5050573162508429,0.0071840765707301465,0.8830084979116818
ensemble__models-cnn_transformer_b10__ens,cnn_transformer,30,-1,0.3082174491860727,0.006526652701562081,0.021175480878183193,-0.05340543939969,0.43777961341693544,0.12220951226926775,0.05096635150669962,-0.29831048061980053,-0.9048384104256737,2.540834758299766,0.5111260957518543,0.0031316157843950124,0.7614001654485208
factors__fourier_ffn_k1__s0,fourier_ffn,30,0,0.30513891967877604,0.012278846484189516,0.04024018469068327,-0.072176540382065,0.44625519616121606,0.17012240291917394,0.12507930371796924,-0.47815729974006793,-1.261453519158912,1.9477875171232777,0.5138233310856373,0.005949921282802069,0.7794635979823938
final__cnn_neutral_cw0.5_k7__s1,cnn_transformer,30,1,0.3051369344457028,0.012425747536694167,0.04072187314612107,-0.1265856500629804,0.4320556103361005,0.09816079097837906,0.1904039200901507,-0.8731435363604012,-2.0514240071665055,1.2948399893148854,0.5212407282535402,0.005803411241120718,0.7221792311568146
factors__fourier_ffn_k15__s1,fourier_ffn,30,1,0.3049730359087469,0.004684709609032541,0.015361061659347109,-0.04162156100470071,0.4313181854332458,0.11255487530857665,0.08052730021117822,-1.016086673585279,-2.337146383079305,1.1542742304416864,0.523937963587323,0.0022140347706600316,0.7842791196357944
epochs__e100__s2,cnn_transformer,30,2,0.30340653290613545,0.01105908402009097,0.036449722799845936,-0.09959631663043389,0.4287816260629385,0.11103908652693716,0.45568615716448646,-2.847040241024775,-5.997487014955685,0.4815293745267209,0.50708024275118,0.005264242417792581,0.8027329839226927
final__cnn_neutral_cw0__s0,cnn_transformer,30,0,0.30221354553395774,0.01356016287632283,0.0448694741738476,-0.1105906797141274,0.41816536114901565,0.12261578381989695,0.5549637312576855,-2.8146239670939375,-5.931461479721833,0.4848079893634762,0.5273095077545515,0.006586345567612031,0.7488998478002016
neutral__cnn_transformer_neutral__s0,cnn_transformer,30,0,0.30221354553395774,0.01356016287632283,0.0448694741738476,-0.1105906797141274,0.41816536114901565,0.12261578381989695,0.5549637312576855,-2.8146239670939375,-5.931461479721833,0.4848079893634762,0.5273095077545515,0.006586345567612031,0.7488998478002016
factors__fourier_ffn_k3__s0,fourier_ffn,30,0,0.28949733955146445,0.006946412892150812,0.023994738269143702,-0.048644007069640005,0.4210887191172365,0.14280100079349967,0.07076915400685391,-0.4537417243503407,-1.196980788252146,1.947538508213503,0.5158462575859744,0.003559881349218179,0.7201620285905769
ensemble__final-cnn_neutral_cw0.5_b10__ens,cnn_transformer,30,-1,0.28333394983043514,0.012895878458720226,0.045514766114113515,-0.07249028969418247,0.40677737031842676,0.17789801245276818,0.09150517322334677,-0.2232995148888971,-0.7299329796082292,2.796241953612343,0.5037086985839514,0.006397349865484423,0.6924147264100138
final__cnn_neutral_cw0.5_k7__s0,cnn_transformer,30,0,0.2817315766000457,0.011222449715409357,0.03983383705455591,-0.07687631220940194,0.4018440962311171,0.1459805939291218,0.22105679737046557,-1.1167355823900027,-2.515202741380051,1.0072870670896124,0.5151719487525287,0.005530335675573748,0.6896876594912245
models__raw_ffn__s1,raw_ffn,30,1,0.2774535543440715,0.0034501479963653186,0.012435047028039778,-0.03351556011822676,0.39285896334553566,0.10294167796077515,0.011711423961602569,0.040117995285146216,-0.197217563773779,5.845174558844463,0.5225893459204316,0.0018040579188270888,0.6542141190697813
ensemble__final-cnn_neutral_cw0.5_k7_b20__ens,cnn_transformer,30,-1,0.27513295367602414,0.011311305763580137,0.04111214455575351,-0.08179912012591195,0.3947127137081762,0.13828150897185001,0.055386125323497314,-0.06436049120115499,-0.4038539360783341,4.052109957168111,0.5131490222521915,0.005714527046401846,0.6595130168196359
lookback__l20__s1,cnn_transformer,20,1,0.26807804707115235,0.008383573059116908,0.03127288172496933,-0.08028261520908253,0.3814357434701341,0.10442575939116454,0.3601334849879292,-2.633913493558037,-5.535905034187226,0.46188633446710464,0.5204286671131949,0.004521780737522902,0.6880716808974473
ensemble__final-cnn_neutral_cw0.5_b20__ens,cnn_transformer,30,-1,0.2668125601682582,0.012192100591935677,0.04569537725003296,-0.09342404284166594,0.3827263053947091,0.13050281513291884,0.06277618275822505,-0.07938434216853787,-0.4255812445053339,3.8534798891512154,0.5104517869184086,0.006469401821748549,0.6378648685452442
architecture__d8_h4_drop50__s2,cnn_transformer,30,2,0.263416936100673,0.008009017585515685,0.030404338096373534,-0.08223850058262872,0.3757059327454715,0.09738768981407653,0.31269650531424364,-2.328302676061783,-4.9200222882242395,0.5081894948521949,0.5104517869184086,0.004384560068207707,0.6974634389454757
factors__cnn_transformer_k15__s2,cnn_transformer,30,2,0.2603759429119398,0.007327538418957325,0.02814214837595626,-0.03636877576367159,0.37561597669658026,0.20147883081280776,0.40395759494404765,-3.3568785952267453,-6.97413313336543,0.35990824002935695,0.5198921105866486,0.00406677567164426,0.7144402700526471
ensemble__final-cnn_neutral_cw0.25_b10__ens,cnn_transformer,30,-1,0.25908917332416986,0.011840938960432501,0.04570217585131292,-0.06367280172741596,0.37100039253331146,0.1859654144186079,0.11395025335968419,-0.3692280415949419,-0.9975452565140535,2.061770449481672,0.4983142279163857,0.006397159039798592,0.6615324868774276
ensemble__final-cnn_neutral_cw0_b10__ens,cnn_transformer,30,-1,0.24710628524352912,0.011404348919658984,0.0461515938715186,-0.07065696720740922,0.3524267747292305,0.1614044498426082,0.14393858224374492,-0.5388367273944046,-1.3247797400323382,1.5720369115194708,0.4996628455832771,0.0065976809360510065,0.6244625505929092
ensemble__neutral-cnn_transformer_neutral_b10__ens,cnn_transformer,30,-1,0.24710628524352912,0.011404348919658984,0.0461515938715186,-0.07065696720740922,0.3524267747292305,0.1614044498426082,0.14393858224374492,-0.5388367273944046,-1.3247797400323382,1.5720369115194708,0.4996628455832771,0.0065976809360510065,0.6244625505929092
final__cnn_neutral_cw0.5_k6__s0,cnn_transformer,30,0,0.23181290367603213,0.00971386409043506,0.04190389722226411,-0.10035693102416776,0.33587690268847065,0.09763320995389889,0.23146741612837926,-1.1601766899162356,-2.552166283508503,0.8326675168519011,0.5003371544167229,0.005778928138573842,0.56163390524684
epochs__e10__s2,cnn_transformer,30,2,0.22248016704228787,0.006890120113014561,0.030969592501721394,-0.05893366641191922,0.3190201563823097,0.11691314205459327,0.2848084181667037,-2.0950098475266814,-4.4124998620956495,0.4800024285836396,0.5104517869184086,0.0044817444731492335,0.5482621995560634
final__cnn_neutral_cw0.5__s0,cnn_transformer,30,0,0.22234282931949179,0.00946426721574878,0.04256610048867041,-0.06489107496872615,0.3140408216014101,0.14584851954309758,0.2860266739525381,-1.4709934408240328,-3.164329710967557,0.6565229636894458,0.5091031692515172,0.006105793265717047,0.5557163810733396
objective__mean_variance__s1,cnn_transformer,30,1,0.21023970768755093,0.010019927293109875,0.04765953778817584,-0.09589271749681938,0.30065839957471185,0.10449101406936366,0.5627060649443636,-2.765070900573534,-5.74038150883462,0.35330715909762633,0.5077545515846258,0.006933474143911263,0.571963021644824
architecture__d8_h2__s1,cnn_transformer,30,1,0.2086137078992499,0.007034127599174638,0.03371843427744343,-0.06967944000510284,0.3021394830836774,0.1009498296579265,0.36841050399010977,-2.544759899000829,-5.298133505900909,0.3788329113354877,0.5003371544167229,0.004872994117485056,0.5455448602661512
lookback__l10__s1,cnn_transformer,10,1,0.20660507186315738,0.006641809326415706,0.03214736824473911,-0.07388707934082983,0.2967366710421107,0.08989135022888309,0.4242195505785501,-3.1188094980616845,-6.444224067986528,0.31064558646567014,0.5229540918163673,0.004548909632929537,0.5013868057500247
lookback__l10__s0,cnn_transformer,10,0,0.20302244060006674,0.006419527995556622,0.03161979521368492,-0.05595567288131975,0.28189666782277834,0.11472523990860557,0.4076069274968627,-3.045478855346149,-6.293980151292365,0.3124863161566492,0.5109780439121756,0.0048084131769162534,0.5294355952150476
ensemble__neutral-ou_ffn_neutral_b5__ens,ou_ffn,30,-1,0.1987065726725276,0.009985488341991318,0.050252431047902994,-0.09416795561882885,0.2872892056955757,0.10603913270041243,0.10454740780855516,-0.32556551164995423,-0.849837595972436,1.8950710767798806,0.5138233310856373,0.006957020937663546,0.4897379622898901
ensemble__neutral-ou_ffn_neutral_b3__ens,ou_ffn,30,-1,0.19112969142287517,0.009754665181682122,0.051036890757595,-0.09511863866752279,0.2756005592827805,0.10255261553709352,0.13777795606756607,-0.489163414478366,-1.1694565203796072,1.4047598730966828,0.49561699258260283,0.0072073076281467625,0.46265085024049424
protocol__constant_w1000__s2,cnn_transformer,30,2,0.18905006655980353,0.00562039306888063,0.029729654007303367,-0.06553150272868524,0.2691461286240194,0.0857662778183224,0.3244497084110848,-2.5611106483784845,-5.311271363316773,0.34370730687287426,0.5010114632501685,0.00422093751784875,0.49742893609418576
protocol__rolling_w750__s0,cnn_transformer,30,0,0.18581253659152058,0.005946708977634091,0.0320038092516168,-0.0690758653322665,0.266137577077494,0.08608953284956422,0.3457797554903886,-2.5368789311179327,-5.259570398827387,0.3412295127729639,0.5118004045853001,0.004718605787970425,0.4764572556975998
ensemble__neutral-ou_ffn_neutral_b10__ens,ou_ffn,30,-1,0.17909645755553213,0.008596591225335144,0.04799978370688663,-0.0952406935320178,0.26199568139976764,0.09026174533730384,0.07056255797094217,-0.19135864110205286,-0.5618137397596379,2.417249191663476,0.5037086985839514,0.006475320678153358,0.43531373024164527
factors__fourier_ffn_k10__s1,fourier_ffn,30,1,0.17114701643372607,0.00253888707410001,0.014834538906982078,-0.05371703636777203,0.240370431618717,0.047264094331594224,0.07569669417226726,-1.1147417497100718,-2.4006305158538703,0.6654814200880383,0.5171948752528658,0.0021798874024271243,0.41368733108336436
final__cnn_neutral_cw0.5_k6__s1,cnn_transformer,30,1,0.17102794203384006,0.007247010986270215,0.0423732572589589,-0.10976187991994057,0.24675872683657804,0.06602484388529208,0.2036548285698799,-1.0401373098128073,-2.251302561659455,0.706047097095446,0.5010114632501685,0.005834102230576951,0.41747583645901165
objective__mean_variance__s0,cnn_transformer,30,0,0.16758693465845387,0.008248973527098904,0.049222056265367624,-0.11311046218475984,0.22979283915654497,0.07292847511863772,0.5771271495591289,-2.7871055898639017,-5.741798114386258,0.2835945420167626,0.5232636547538773,0.0074255204170956355,0.41936994908228686
epochs__e100__s1,cnn_transformer,30,1,0.16328820709558256,0.0058594322640875,0.0358839892256127,-0.08522755540200799,0.22940201238343025,0.0687504438728679,0.44860999186529305,-2.9871340394188333,-6.137556285933249,0.2591528917690992,0.5043830074173972,0.005197734063003501,0.40667564100476766
protocol__fixed_602020__s1,cnn_transformer,30,1,0.16208250683370445,0.0032520144985732657,0.020063944975319332,-0.03825009575809479,0.23274332785412533,0.08501977404554062,0.12364407445060739,-1.3908676632291077,-2.94381783329192,0.5218535338682139,0.5,0.0027199568822601715,0.2146345388726502
architecture__d16_h4_ff32_drop50__s1,cnn_transformer,30,1,0.16173401289892514,0.005684141275947601,0.03514499624454305,-0.07880065968860028,0.23259280769098578,0.07213316866140478,0.40834386876249384,-2.7662120939135373,-5.694158200726,0.27619021491314,0.5077545515846258,0.004989419161464042,0.4357118636144991
objective__sharpe_costs__s1,cnn_transformer,30,1,0.1564485122443037,0.004421997984003512,0.02826487718271362,-0.06408886339364994,0.22063686823016626,0.06899791554801614,0.07305236265631622,-0.4948614251875306,-1.1461713626193648,1.201029673070799,0.5144976399190829,0.004187003426752865,0.4315669244627901
full_bench__ff5_ou_threshold__s0,ou_threshold,30,0,0.1492845308147567,0.0065458740627743804,0.04384830783905525,-0.16687153521609555,0.2185619840516355,0.0392270260730673,0.4865656217143233,-2.6470499850362277,-5.443384500887212,0.2669289564044276,0.4887110603029437,0.006024503550773536,0.5421545733592503
objective__sharpe_costs__s2,cnn_transformer,30,2,0.1472135043715139,0.004161831709265316,0.028270719639703373,-0.05466570148440564,0.2077946201689042,0.07613241202900234,0.07426216794708389,-0.5147458147108035,-1.176705133793121,1.1119528053143648,0.519217801753203,0.004197249945495062,0.36454419016165673
neutral__ou_ffn_neutral__s1,ou_ffn,30,1,0.14116468016033662,0.007664175315565387,0.05429244274743739,-0.0972670467005915,0.19935354098835556,0.07879518886964679,0.2381349959893067,-0.9641460399423755,-2.0694567600450875,0.6385746450881196,0.5084288604180714,0.007779897390900274,0.34424740855264124
final__cnn_neutral_cw0.5__s1,cnn_transformer,30,1,0.14044218817838067,0.00649378872286413,0.04623816252859958,-0.0989228080942558,0.1995309783923938,0.06564500996248249,0.2400952120300831,-1.1680871763731964,-2.4766165409247733,0.5366413317996463,0.4996628455832771,0.006596780903666903,0.3611751407837825
neutral__ou_ffn_neutral__s0,ou_ffn,30,0,0.13127135140829482,0.006805815900833631,0.05184540136000751,-0.09520824631096347,0.18954963890897836,0.0714834708603382,0.21891434002138546,-0.9327847121627241,-1.9968407757337427,0.616844149018532,0.5064059339177344,0.00706025662007486,0.31018197793433716
protocol__constant_w1000__s0,cnn_transformer,30,0,0.11714044954873495,0.003475259413502526,0.02966745839622789,-0.09160453117802803,0.16697877629701421,0.0379376365864331,0.3484592032260369,-2.842726150420147,-5.80259275038903,0.19788129902537918,0.49629130141604855,0.004200795876236907,0.2970472559330535
factors__fourier_ffn_k0__s2,fourier_ffn,30,2,0.10978250786443154,0.02134049093450035,0.19438880883331014,-0.29161031084265576,0.15940836059922944,0.07318153762407621,0.14476000958730995,-0.07788015972917244,-0.2655428273227764,2.9249959321204178,0.5030343897505057,0.026828102736551507,0.3055091745652831
factors__cnn_transformer_k10__s1,cnn_transformer,30,1,0.10767438272977777,0.002977922038378417,0.027656736568918924,-0.06416914182595845,0.14838183854577813,0.046407384509757295,0.3401054575502245,-2.991265909414993,-6.090206201559764,0.17372774655050957,0.5185434929197572,0.004380015317221473,0.2832651014068714
ensemble__final-cnn_neutral_cw0.5_k10_b1__ens,cnn_transformer,30,-1,0.1051004956490577,0.004123826286335837,0.0392369822888919,-0.09236533016092496,0.14763813636655568,0.04464690679014738,0.2729749943121343,-1.6480847534146144,-3.4012700024782867,0.2997415581302345,0.5151719487525287,0.00554986318672889,0.24229217168747882
factors__cnn_transformer_k3__s2,cnn_transformer,30,2,0.09039174572592149,0.002597508595982161,0.02873612601595411,-0.09504380523120282,0.12204217046885063,0.027329593861099375,0.2813124463549529,-2.3765634883265063,-4.843518722378935,0.18320507903468602,0.5219150370869858,0.004429877870507499,0.22008818050832585
final__cnn_neutral_cw1__s1,cnn_transformer,30,1,0.06919475778373245,0.0030876904194235156,0.04462318415903792,-0.10439606617333219,0.09795198507022242,0.029576693189731777,0.13003557937862184,-0.6651536895754577,-1.3995021369346479,0.4711302790423643,0.49291975724882,0.006321681677863016,0.18119692390906703
neutral__cnn_transformer_neutral_costs__s1,cnn_transformer,30,1,0.06919475778373245,0.0030876904194235156,0.04462318415903792,-0.10439606617333219,0.09795198507022242,0.029576693189731777,0.13003557937862184,-0.6651536895754577,-1.3995021369346479,0.4711302790423643,0.49291975724882,0.006321681677863016,0.18119692390906703
architecture__d8_h4_drop50__s1,cnn_transformer,30,1,0.06538737587474959,0.0020632039936517793,0.031553552441129847,-0.06987533537795698,0.09312837026087359,0.029526927956651832,0.3220579004991304,-2.5067030750245656,-5.078793525923881,0.12710940210498292,0.50708024275118,0.004653667931694465,0.1738239945697698
ensemble__final-cnn_neutral_cw1_b3__ens,cnn_transformer,30,-1,0.06213446180080198,0.0027552832851591193,0.04434388269093458,-0.06749917593708843,0.08641803717506895,0.04081950997042035,0.12339785903328278,-0.6391180805875174,-1.3403706229758368,0.4430248594121672,0.5144976399190829,0.006511414435115975,0.15323071050622758
lookback__l60__s0,cnn_transformer,60,0,0.05646639077223734,0.0016782376641602485,0.02972100113374667,-0.06649733860644313,0.07805934655052298,0.025237666639453808,0.29353541250870746,-2.4323772258784846,-4.921220842529206,0.11343900917371637,0.5113558155540262,0.004437658206108177,0.14324272511080044
final__cnn_neutral_cw0.5_k10__s1,cnn_transformer,30,1,0.05185451565648878,0.0020163758899274455,0.038885251639123694,-0.10058834272866657,0.07208423896835897,0.02004582077037101,0.18659347466484902,-1.1573842994070624,-2.3666231144706136,0.21440973863282572,0.50236008091706,0.005589342825478717,0.12320287297943834
factors__cnn_transformer_k3__s1,cnn_transformer,30,1,0.0506593021112103,0.0014550235954524323,0.028721745756747272,-0.08694827760203694,0.0718969516933264,0.016734357891620557,0.27391984998340024,-2.352669617392262,-4.755998536895734,0.10539402596977135,0.5077545515846258,0.004252527850481389,0.12675140565539916
neutral__reversal_neutral__s0,reversal,30,0,0.048342844363137086,0.003121330966408673,0.06456655597180344,-0.13014341835233145,0.06946634453883004,0.023983778864317788,0.12234219583902692,-0.4291525537946725,-0.906647951952482,0.5062126729351226,0.5037086985839514,0.009075025375671335,0.11995725741778661
neutral__fourier_ffn_neutral__s1,fourier_ffn,30,1,0.04337961729587198,0.0019419844895678204,0.044767211207108096,-0.12069044224575642,0.06221276204616956,0.016090623693411642,0.33653918696962953,-1.8510398211631605,-3.7454592596221934,0.1144931698208239,0.5118004045853001,0.00620021965648607,0.10520933535131548
ensemble__final-cnn_neutral_cw0.25_b20__ens,cnn_transformer,30,-1,0.04002988840792574,0.0018540971129544074,0.046317818677388684,-0.08578397490438228,0.05707082294752769,0.02161356028350362,0.07594240339116826,-0.3731477223053544,-0.7863253330186346,0.4844150235878102,0.49696561024949426,0.00652799080731393,0.10238005403057178
models__reversal__s0,reversal,30,0,0.03774938951685985,0.002448122337632539,0.0648519716203396,-0.13173095285776704,0.054158902089579505,0.018584260453014596,0.1223131791889214,-0.4375317836763568,-0.9128129568695735,0.3971269181907352,0.5037086985839514,0.00912725008229812,0.0938061915384538
protocol__rolling_w500__s0,cnn_transformer,30,0,0.03473348443552539,0.0010750732741641824,0.030952070937766276,-0.06911195147874227,0.04787094104323073,0.01555553346652156,0.3254044416123039,-2.614585827709293,-5.263905139854113,0.06555171412578062,0.5232636547538773,0.004824689250909592,0.08959949426661676
neutral__ou_ffn_neutral__s2,ou_ffn,30,2,0.028909558873700225,0.0016403700849389883,0.05674144292915086,-0.15256382586672335,0.04379829375282032,0.010752025099134773,0.24384687032389968,-1.054062747599901,-2.137035054073502,0.1334732139542708,0.48887390424814564,0.007558439080983848,0.0703150479863665
neutral__raw_ffn_neutral__s2,raw_ffn,30,2,0.027137796620366333,0.0016560959901332339,0.06102544039593729,-0.15100568234187284,0.03914644191011263,0.010967110405712684,0.14672178786714407,-0.5787388722349691,-1.1846155410903045,0.22395479158850062,0.41672285906945383,0.00886635715846679,0.06544080218788441
ensemble__final-cnn_neutral_cw1_b5__ens,cnn_transformer,30,-1,0.02251122814660203,0.0010050767640696495,0.04464779786887644,-0.06993865656810261,0.03175348744959486,0.014370833147059198,0.09565916660638633,-0.5174058816648429,-1.0573229914762878,0.20846929776372175,0.5003371544167229,0.006389325783772157,0.056080813521533365
ensemble__neutral-ou_ffn_neutral_b1__ens,ou_ffn,30,-1,0.006028580480220588,0.0003079173236752721,0.051076256622189994,-0.10857387976872479,0.008603557431724657,0.002836016584570653,0.23867229698126965,-1.1715326351776605,-2.3490938508355415,0.025597737086018636,0.5037086985839514,0.007386078025205487,0.014348712185372852
final__cnn_neutral_cw0.5_k10__s0,cnn_transformer,30,0,-0.0076582365841771135,-0.00029512673684645917,0.0385371663048682,-0.08723411919281221,-0.010758975120355459,-0.003383157181814978,0.20632312307575432,-1.3568344215628332,-2.7060106065414895,0.0,0.5010114632501685,0.005551587798539976,-0.01881591770290448
ensemble__final-cnn_neutral_cw1_b2__ens,cnn_transformer,30,-1,-0.008561986635632492,-0.0003791217164675461,0.04427964356890632,-0.05866435170471074,-0.011908340974425826,-0.006462556995019309,0.1501862429952315,-0.8632873228028571,-1.718012658970082,0.0,0.5037086985839514,0.006486693311040104,-0.021571080198836075
neutral__fourier_ffn_neutral__s0,fourier_ffn,30,0,-0.015937170196035733,-0.000684540880095866,0.042952473474001114,-0.10389882232578362,-0.02252685178928013,-0.006588533582694967,0.3160936049558716,-1.870442440936607,-3.7249477116771783,0.0,0.46999325691166555,0.006055805271734246,-0.040826788250368125
factors__ou_threshold_k8__s0,ou_threshold,30,0,-0.016497634269018027,-0.001241478267683693,0.07525189657132511,-0.2415107740382605,-0.02268072811713819,-0.005140467428948025,0.5220116733267963,-1.76458569147393,-3.5126737486788415,0.0,0.5016857720836143,0.011304068693445713,-0.041987662708299824
neutral__cnn_transformer_neutral_costs__s0,cnn_transformer,30,0,-0.03540174922547013,-0.0014902503343322728,0.04209538700590811,-0.06041891907870467,-0.04956462412697918,-0.0246652928760778,0.12050939664570126,-0.7568197029422159,-1.4782376566589617,0.0,0.5158462575859744,0.005990728080130312,-0.0938751230078311
final__cnn_neutral_cw1__s0,cnn_transformer,30,0,-0.03540174922547013,-0.0014902503343322728,0.04209538700590811,-0.06041891907870467,-0.04956462412697918,-0.0246652928760778,0.12050939664570126,-0.7568197029422159,-1.4782376566589617,0.0,0.5158462575859744,0.005990728080130312,-0.0938751230078311
ensemble__final-cnn_neutral_cw0_b20__ens,cnn_transformer,30,-1,-0.051171074517995,-0.0024077291437826854,0.047052542211830535,-0.10282010838359756,-0.07238606340300437,-0.023416909217796992,0.09669181859455835,-0.5690248851820703,-1.0868786958461456,0.0,0.4915711395819285,0.006730747099659748,-0.12538389320212606
neutral__raw_ffn_neutral__s0,raw_ffn,30,0,-0.05126342042941038,-0.0029712516564689975,0.05796046443214622,-0.13520033389982955,-0.0729974788059145,-0.021976659160253407,0.13474439661949655,-0.6371039287963616,-1.2229444371633127,0.0,0.466621712744437,0.008567762966063095,-0.12891997365910934
factors__cnn_transformer_k15__s1,cnn_transformer,30,1,-0.06255989129480634,-0.0017278318124708115,0.027618842947290338,-0.07181710465179092,-0.08810897157898574,-0.024058778488054006,0.409916201726377,-3.802719572574343,-7.5428792538538785,0.0,0.50236008091706,0.003989828601798737,-0.15390830115052478
epochs__e10__s1,cnn_transformer,30,1,-0.06940257692013091,-0.0024182872346179057,0.03484434356667897,-0.07887898064254628,-0.09927601288785808,-0.030658195819958732,0.33689452080479526,-2.5058789329848294,-4.942355289049528,0.0,0.5030343897505057,0.0050438578496448,-0.1806020724324389
factors__fourier_ffn_k8__s2,fourier_ffn,30,2,-0.07420043416050237,-0.0019928201163072457,0.026857256818694518,-0.07171180847100611,-0.10638211246117482,-0.027789288246898063,0.1544256739538629,-1.523167098890227,-2.9721337636199516,0.0,0.4989885367498314,0.003846972120083166,-0.16331872404655262
lookback__l10__s2,cnn_transformer,10,2,-0.08077140549698882,-0.0027288162991707457,0.03378443500370285,-0.07383370679250123,-0.11286189941547621,-0.036958950291359684,0.4098390799214789,-3.1377841431346916,-6.194796880772394,0.0,0.5123087159015303,0.004948053837383417,-0.2062700049895619
factors__fourier_ffn_k15__s2,fourier_ffn,30,2,-0.08108415114694374,-0.001482392468479171,0.018282148206654143,-0.0564810727127707,-0.11536390312652263,-0.026245827093578394,0.09832053764528167,-1.4363283602269794,-2.791572569307015,0.0,0.48887390424814564,0.0027244358309852783,-0.1995870984594476
factors__cnn_transformer_k10__s0,cnn_transformer,30,0,-0.08205137578706347,-0.002336116365123004,0.02847138567408793,-0.07474903325188353,-0.11270883966949324,-0.031252797039541945,0.35468289010087145,-3.221346713518562,-6.3606420512500605,0.0,0.5111260957518543,0.004330262238350018,-0.21516135343019074
factors__cnn_transformer_k8__s1,cnn_transformer,30,1,-0.08331521277953587,-0.0030352368964122805,0.0364307645044844,-0.12817631920904338,-0.11332585405663514,-0.02368016896679599,0.41219545172173544,-2.9345662157907726,-5.78581721880201,0.0,0.5158462575859744,0.005461475977857738,-0.21719287330341222
ensemble__final-cnn_neutral_cw0.5_k10_b5__ens,cnn_transformer,30,-1,-0.10031211642876149,-0.003983521104479643,0.039711265660600584,-0.09124590621993911,-0.13985057993246186,-0.04365698440078916,0.12148954062811537,-0.8712612093119938,-1.6422103021952261,0.0,0.49763991908294,0.005691288371294904,-0.2305983496707791
ensemble__final-cnn_neutral_cw0.5_k10_b2__ens,cnn_transformer,30,-1,-0.10788343866896109,-0.004286535992673718,0.03973303081140097,-0.1043100875312456,-0.15161585995376378,-0.041094165426615724,0.19999739406433603,-1.3763329446591037,-2.6447824506492466,0.0,0.50708024275118,0.0056175810333333465,-0.2517432817965276
factors__fourier_ffn_k8__s0,fourier_ffn,30,0,-0.10994822131668486,-0.0022943239466712696,0.020867312987837318,-0.03888243403217506,-0.1539056445773775,-0.0590066955369299,0.10247315490315352,-1.3474451166115402,-2.5849420119063953,0.0,0.4949426837491571,0.0031365172138004198,-0.26816070158898914
factors__cnn_transformer_k3__s0,cnn_transformer,30,0,-0.11239689829389476,-0.0032763895127884794,0.029150177296008606,-0.07885566035136293,-0.15088609139971157,-0.04154919885509318,0.2857389929440345,-2.5825783140260103,-5.052759729758125,0.0,0.5050573162508429,0.004682660631152158,-0.24864999156868295
factors__ou_threshold_k10__s0,ou_threshold,30,0,-0.1270727382054752,-0.009885358773821393,0.0777929154075273,-0.20648769204710038,-0.1807016432887145,-0.04787384020722467,0.5294262258921638,-1.8420799239615695,-3.557087109717664,0.0,0.49291975724882,0.01122877500096613,-0.30276596390920696
ensemble__final-cnn_neutral_cw1_b1__ens,cnn_transformer,30,-1,-0.1316776963346132,-0.005942787940356039,0.045131317647405564,-0.08439653127785762,-0.18278111756843887,-0.07041507334929252,0.19806431045408468,-1.2376105349097044,-2.3435433734847955,0.0,0.5057316250842886,0.0066150703189974186,-0.3440725644738038
ensemble__final-cnn_neutral_cw0.5_k10_b3__ens,cnn_transformer,30,-1,-0.1336820320486663,-0.005325286930586171,0.039835472643380575,-0.10834087298801787,-0.18626684935652757,-0.049153073846610704,0.1605837920912882,-1.1495383259924763,-2.165394619936287,0.0,0.5003371544167229,0.005727456281381851,-0.3117343103307652
final__cnn_neutral_cw0.5_k10__s2,cnn_transformer,30,2,-0.15581235240222727,-0.005972624473546406,0.03833216289635475,-0.11970535258637982,-0.21887523233743655,-0.04989438103226501,0.18893383643722275,-1.3978848884841346,-2.6399574245660418,0.0,0.5030343897505057,0.005394844804353877,-0.36089645041819407
neutral__cnn_transformer_neutral_costs__s2,cnn_transformer,30,2,-0.1590813325453981,-0.006884438014149939,0.04327621540500537,-0.08868506620706784,-0.22023108241637432,-0.07762792890153394,0.1340097139014203,-0.9394279406559584,-1.7197745487665188,0.0,0.5084288604180714,0.006339704704718524,-0.4046734474854682
final__cnn_neutral_cw1__s2,cnn_transformer,30,2,-0.1590813325453981,-0.006884438014149939,0.04327621540500537,-0.08868506620706784,-0.22023108241637432,-0.07762792890153394,0.1340097139014203,-0.9394279406559584,-1.7197745487665188,0.0,0.5084288604180714,0.006339704704718524,-0.4046734474854682
models__ou_ffn__s0,ou_ffn,30,0,-0.1643059576949896,-0.004284072813583982,0.026073752124903152,-0.08482954317746982,-0.2245351803518464,-0.05050213231281187,0.06350952418457645,-0.7781186539976207,-1.3919313503002522,0.0,0.5124747134187457,0.0040908048401724646,-0.39905655251849653
factors__ou_threshold_k3__s0,ou_threshold,30,0,-0.18090274503163092,-0.015548788258290355,0.08595109076742667,-0.2902615336317991,-0.25784914201686515,-0.05356820128296571,0.522813367595778,-1.7137392391097916,-3.2465757331879526,0.0,0.49561699258260283,0.012115095776240143,-0.4544081667631484
protocol__rolling_w500__s1,cnn_transformer,30,1,-0.18657766056224787,-0.005718530704089415,0.030649600208603446,-0.08218107263713881,-0.2585619523938297,-0.06958452257418604,0.33227073426545334,-2.918496656732068,-5.65041565290189,0.0,0.5138233310856373,0.004582586666952324,-0.4771377629904878
architecture__d16_h4_ff32_drop50__s0,cnn_transformer,30,0,-0.19389025974608484,-0.006542064156777531,0.03374106654632832,-0.11640626148233979,-0.2764698206471161,-0.056200277145488725,0.41039845125701524,-3.2590100174385688,-6.324129775131053,0.0,0.48954821308159135,0.004785698449446656,-0.49796218953195265
ensemble__final-cnn_neutral_cw1_b10__ens,cnn_transformer,30,-1,-0.23132556621940029,-0.010264122622802477,0.04437089592192975,-0.08479459368883524,-0.3196991613166528,-0.12104689905665932,0.06740562027121669,-0.6141489452702474,-0.9969723243210947,0.0,0.48415374241402565,0.006508287051009258,-0.5716862869810069
models__raw_ffn__s2,raw_ffn,30,2,-0.24087609862347092,-0.005812594493248654,0.024131055453263127,-0.07454612983255748,-0.34761906157837447,-0.07797312223055433,0.026449176004096298,-0.5170841727353294,-0.7932922468471878,0.0,0.4989885367498314,0.0036181981559963356,-0.6129199778997971
factors__fourier_ffn_k5__s0,fourier_ffn,30,0,-0.24701547499762413,-0.00560941854090869,0.022708773776066636,-0.06378305910693449,-0.3412982105769521,-0.08794527292120449,0.09180146342369974,-1.2657392956186135,-2.284463116239603,0.0,0.5077545515846258,0.0034796044049396437,-0.6649117576643496
models__fourier_ffn__s0,fourier_ffn,30,0,-0.24701547499762413,-0.00560941854090869,0.022708773776066636,-0.06378305910693449,-0.3412982105769521,-0.08794527292120449,0.09180146342369974,-1.2657392956186135,-2.284463116239603,0.0,0.5077545515846258,0.0034796044049396437,-0.6649117576643496
factors__cnn_transformer_k15__s0,cnn_transformer,30,0,-0.25580294324383096,-0.007329456274433039,0.028652744106414028,-0.08013615477557312,-0.3525326091257418,-0.09146254016005313,0.39162258081749246,-3.7001114534334785,-7.144419963623126,0.0,0.5016857720836143,0.00431416501734508,-0.6885771622822329
factors__ou_threshold_k5__s0,ou_threshold,30,0,-0.2601211533180886,-0.02241057008247011,0.0861543546020857,-0.23376130579531973,-0.3587232473059562,-0.09586945968762436,0.5286488210965908,-1.8064098293998867,-3.352698505481685,0.0,0.4935940660822657,0.01280745699258398,-0.6472292398589734
models__ou_threshold__s0,ou_threshold,30,0,-0.2601211533180886,-0.02241057008247011,0.0861543546020857,-0.23376130579531973,-0.3587232473059562,-0.09586945968762436,0.5286488210965908,-1.8064098293998867,-3.352698505481685,0.0,0.4935940660822657,0.01280745699258398,-0.6472292398589734
factors__fourier_ffn_k3__s2,fourier_ffn,30,2,-0.2630279828699331,-0.005764795023227223,0.021917040766259093,-0.07401643180759765,-0.36858009533716013,-0.07788534089582515,0.06503973410328298,-1.0108485106876965,-1.75866903850546,0.0,0.49763991908294,0.0033176631642137947,-0.6582425941668762
neutral__raw_ffn_neutral__s1,raw_ffn,30,1,-0.28450587980905956,-0.018016939387394848,0.06332712490682638,-0.17201341242373003,-0.4053317274619104,-0.10474147994351111,0.16731823371673377,-0.9503215939860947,-1.6161373081631298,0.0,0.480782198246797,0.009017269408672814,-0.7113979622402689
epochs__e10__s0,cnn_transformer,30,0,-0.28477671122017334,-0.009196360309774694,0.03229323167042472,-0.07765106374327702,-0.38881536921340176,-0.11843186514712684,0.2998342943307999,-2.6245314605276095,-4.964286209835046,0.0,0.5091031692515172,0.004957487479381758,-0.6947317090827069
lookback__l20__s0,cnn_transformer,20,0,-0.2871743564465618,-0.00843510364288675,0.029372760671464684,-0.09998151854807313,-0.38953103581448084,-0.0843666286067778,0.3732953122821285,-3.4898157338532405,-6.692457111259919,0.0,0.5077026121902211,0.004466581460127918,-0.6894516309503788
lookback__l20__s2,cnn_transformer,20,2,-0.2931200249490655,-0.009699055873126158,0.03308902513505016,-0.13733571216266416,-0.396940892225844,-0.07062296995000482,0.3836909697667238,-3.2152406974857004,-6.137361370022336,0.0,0.5090421969189551,0.005077594475932624,-0.718798635698795
factors__ou_threshold_k15__s0,ou_threshold,30,0,-0.34415699345555,-0.02643037032797252,0.07679742335785533,-0.18958108015194652,-0.46192118788868286,-0.1394145993196641,0.5243250720941948,-2.064656359066388,-3.7851557246772263,0.0,0.4983142279163857,0.011658012741618524,-0.90399684703702
factors__ou_threshold_k1__s0,ou_threshold,30,0,-0.34549192962255054,-0.035808341465516966,0.10364450916302889,-0.3774949298279042,-0.47870739918391136,-0.09485780771106592,0.5252748954910458,-1.6226389269181976,-2.899785924213845,0.0,0.4868509777478085,0.015440005367016972,-0.8672515464115756
factors__ou_threshold_k0__s0,ou_threshold,30,0,-0.3525136786150955,-0.05403802477008886,0.1532934125631255,-0.3967484086880848,-0.4639290509462304,-0.1362022470330125,0.5351368247577858,-1.232228452943246,-2.111943227271396,0.0,0.4989885367498314,0.024903878035320882,-0.9698967015148787
ensemble__final-cnn_neutral_cw1_b20__ens,cnn_transformer,30,-1,-0.37016654662321763,-0.017147908578138846,0.04632484684142252,-0.13460458024392086,-0.515599274280935,-0.1273946885541685,0.048268610708156426,-0.6327403213427263,-0.895314096062235,0.0,0.4935940660822657,0.00662052152267821,-0.906047390260312
models__raw_ffn__s0,raw_ffn,30,0,-0.3746759811562864,-0.005598400537237129,0.014941978719745853,-0.05939239002574359,-0.5198328983074639,-0.09426124348271585,0.01891417741063414,-0.693668050204078,-1.0126601192518696,0.0,0.49022252191503707,0.002212854989884138,-0.8985064841695047
ensemble__final-cnn_neutral_cw0.5_k10_b10__ens,cnn_transformer,30,-1,-0.39429519553615544,-0.01559840826106272,0.039560229081290955,-0.14192046428785476,-0.5418194660262623,-0.1099095069857231,0.08404751287133407,-0.9296807010157669,-1.4650662064953786,0.0,0.4935940660822657,0.005701080748629897,-0.8915456972768099
factors__fourier_ffn_k10__s2,fourier_ffn,30,2,-0.4137972132824781,-0.009870642777421194,0.02385381646029359,-0.09475110918996954,-0.5618396027451203,-0.10417442984895546,0.1305082597469423,-1.7925317864680337,-3.1712663596535893,0.0,0.4935940660822657,0.0038671782754672555,-0.9853506931289046
models__fourier_ffn__s2,fourier_ffn,30,2,-0.4224770001428206,-0.010670290766550567,0.02525650097625059,-0.08902343818081937,-0.5788738228164227,-0.11985934248998602,0.10223941061723435,-1.4425839223079295,-2.4626908444730384,0.0,0.48954821308159135,0.0039540762098146005,-1.025108592097325
factors__fourier_ffn_k5__s2,fourier_ffn,30,2,-0.4224770001428206,-0.010670290766550567,0.02525650097625059,-0.08902343818081937,-0.5788738228164227,-0.11985934248998602,0.10223941061723435,-1.4425839223079295,-2.4626908444730384,0.0,0.48954821308159135,0.0039540762098146005,-1.025108592097325
factors__cnn_transformer_k10__s2,cnn_transformer,30,2,-0.4704662259827005,-0.012747544791912997,0.02709555774229315,-0.10926801097239924,-0.6198580378605117,-0.11666309909432178,0.29589432395975246,-3.222406981255266,-5.9743477365278315,0.0,0.4996628455832771,0.004209644967264995,-1.1984353966156467
ensemble__final-cnn_neutral_cw0.5_k10_b20__ens,cnn_transformer,30,-1,-0.5228831330732328,-0.021072893204993073,0.04030134435803593,-0.1633190419654258,-0.7085345198014246,-0.12902900330173842,0.05970861857498288,-0.8962347450498057,-1.2695863570263788,0.0,0.4915711395819285,0.005919569452284579,-1.2114645567932638
factors__fourier_ffn_k15__s0,fourier_ffn,30,0,-0.6037364677344551,-0.012523593210146986,0.020743476466051926,-0.08367388869477366,-0.7769282631342963,-0.14967146149775548,0.09019657993327672,-1.6994803841596562,-2.7952243005848576,0.0,0.5030343897505057,0.003444610033480093,-1.5834803124478234
factors__fourier_ffn_k10__s0,fourier_ffn,30,0,-0.6679719981250032,-0.013821487629216719,0.020691717119899672,-0.11174034072094663,-0.8685782159823623,-0.12369290750360294,0.09853308281706624,-1.8679853525517764,-3.0679987069785493,0.0,0.4915711395819285,0.0034584374702606255,-1.6068661660304735
protocol__fixed_602020__s2,cnn_transformer,30,2,-0.7498723245003673,-0.018812094488469343,0.025087063322417804,-0.05695683158686171,-1.0113474280046963,-0.33028688507330695,0.22176319109844345,-2.977487547477443,-5.205102770454518,0.0,0.4939759036144578,0.003599602066064063,-1.090208605030637
protocol__fixed_602020__s0,cnn_transformer,30,0,-1.0016256386169329,-0.028502588424236076,0.028456328717376977,-0.0712896019419863,-1.3005098682223493,-0.3998141053926929,0.28385550524616,-3.515357751865654,-6.0290898651143765,0.0,0.4939759036144578,0.004367125119006982,-1.4097397614561038
