run,suite,variant,sharpe_total,sharpe_drift,sharpe_neutral,mean_drift,mean_neutral,net_exposure,corr_equal_weight,equal_weight_sharpe
architecture__d16_h4_ff32_drop50__s0,architecture,d16_h4_ff32_drop50,-0.19395566378226733,0.3595139519651635,-0.29827915225649976,0.003285300701767203,-0.009827364858544877,0.7245893369082498,0.20799810884059022,0.44263575286396684
architecture__d16_h4_ff32_drop50__s1,architecture,d16_h4_ff32_drop50,0.1617885698284159,0.7461235266550323,-0.013430432240046539,0.006146771502766097,-0.0004626302268186843,0.6558460847803038,0.18051165204202618,0.44263575286396684
architecture__d16_h4_ff32_drop50__s2,architecture,d16_h4_ff32_drop50,0.5891497876161003,0.6470790631420117,0.4372712812663251,0.005526948651678499,0.014949408186781282,0.6597827078862498,0.17134087938515943,0.44263575286396684
architecture__d8_h2__s0,architecture,d8_h2,0.36523015844927453,0.4956155914400959,0.20131693361297237,0.005045846295856783,0.005249909186520813,0.8582518525084073,0.36089115523735205,0.44263575286396684
architecture__d8_h2__s1,architecture,d8_h2,0.20868407852290902,0.7279324211718875,0.02763221085770978,0.006130733384062584,0.0009033942151122183,0.672379019834178,0.2202758120600598,0.44263575286396684
architecture__d8_h2__s2,architecture,d8_h2,0.5457303006065364,0.7998936053767909,0.33611232713119815,0.007116743987676276,0.010417533660342362,0.7277614152755837,0.23338253266882444,0.44263575286396684
architecture__d8_h4_drop25__s0,architecture,d8_h4_drop25,0.6271750035771678,0.49002161355101387,0.4821009253165371,0.005090043889416521,0.01211750547509579,0.8738251866547478,0.38349782030064045,0.44263575286396684
architecture__d8_h4_drop25__s1,architecture,d8_h4_drop25,0.3133756557807929,0.6022980260893244,0.1593853937847213,0.005297806122864554,0.005129967658005927,0.6994543399479851,0.2382565681983516,0.44263575286396684
architecture__d8_h4_drop25__s2,architecture,d8_h4_drop25,0.5192854273891212,0.8341558964960577,0.312349348423598,0.007211250846425855,0.010099347784182804,0.7054644477477393,0.2040727603834163,0.44263575286396684
architecture__d8_h4_drop50__s0,architecture,d8_h4_drop50,0.4962217097943186,0.46747316289439245,0.3279614377262351,0.005114237985949603,0.007378183529128494,0.9305785606459278,0.43652129992466204,0.44263575286396684
architecture__d8_h4_drop50__s1,architecture,d8_h4_drop50,0.06540943267277263,0.6663846237666535,-0.127528475480091,0.005974125720691154,-0.003910921727039292,0.7057573378491527,0.23457695885538368,0.44263575286396684
architecture__d8_h4_drop50__s2,architecture,d8_h4_drop50,0.26350579322449924,0.8039447091242233,0.01733896650080353,0.007502909081564252,0.0005061085039514776,0.787600718073627,0.2520593429110253,0.44263575286396684
ensemble__final-cnn_neutral_cw0.25_b10__ens,ensemble,final-cnn_neutral_cw0.25_b10,0.25917657299910585,0.21962981724692893,0.259176572742656,1.1494686351786658e-11,0.011840939066837482,-2.859391782315096e-11,-0.05844763161129204,0.44263575286396684
ensemble__final-cnn_neutral_cw0.25_b1__ens,ensemble,final-cnn_neutral_cw0.25_b1,0.48385669183165086,0.15261840727935494,0.483856691624611,8.180675334154993e-12,0.022453071378706026,-3.1328121486061207e-11,-0.019678512242010435,0.44263575286396684
ensemble__final-cnn_neutral_cw0.25_b20__ens,ensemble,final-cnn_neutral_cw0.25_b20,0.04004338038256699,0.46087675273125606,0.040043379843664594,2.495479991619377e-11,0.001854096570909577,4.697558533066516e-11,-0.06917159339670093,0.44263575286396684
ensemble__final-cnn_neutral_cw0.25_b2__ens,ensemble,final-cnn_neutral_cw0.25_b2,0.5797088805275219,-0.5143576924962279,0.5797088811521598,-2.8212596888054244e-11,0.026276509327708367,6.960145084837602e-11,-0.028359479065472582,0.44263575286396684
ensemble__final-cnn_neutral_cw0.25_b3__ens,ensemble,final-cnn_neutral_cw0.25_b3,0.721257484203648,0.3736221950576873,0.7212574837542693,1.9524542958140454e-11,0.032973579379426445,-2.3146632494117132e-10,-0.039387135033768866,0.44263575286396684
ensemble__final-cnn_neutral_cw0.25_b5__ens,ensemble,final-cnn_neutral_cw0.25_b5,0.5581276632621276,0.7781305548863462,0.5581276623168524,4.3021080621594236e-11,0.025530455901937612,1.3268273540630257e-10,-0.050271527590268,0.44263575286396684
ensemble__final-cnn_neutral_cw0.5_b10__ens,ensemble,final-cnn_neutral_cw0.5_b10,0.2834295050552519,0.40288007332566783,0.28342950461348093,2.0503581680727803e-11,0.01289587751339108,1.3641193965971168e-10,-0.07650506927545561,0.44263575286396684
ensemble__final-cnn_neutral_cw0.5_b1__ens,ensemble,final-cnn_neutral_cw0.5_b1,0.3727021638932025,-0.04436005546686757,0.3727021639595742,-2.228463271022187e-12,0.01712169745507232,3.97512247139288e-11,-0.029203266860476543,0.44263575286396684
ensemble__final-cnn_neutral_cw0.5_b20__ens,ensemble,final-cnn_neutral_cw0.5_b20,0.2669025752813602,1.1487834675062292,0.2669025739802715,5.979411630557908e-11,0.012192101097677715,2.1458480216375515e-10,-0.1031602312243079,0.44263575286396684
ensemble__final-cnn_neutral_cw0.5_b2__ens,ensemble,final-cnn_neutral_cw0.5_b2,0.49157124597878954,0.18899024244950527,0.49157124577585526,9.800824112108663e-12,0.02252192363400756,1.5519587233677835e-10,-0.03908320389148175,0.44263575286396684
ensemble__final-cnn_neutral_cw0.5_b3__ens,ensemble,final-cnn_neutral_cw0.5_b3,0.5403614858127355,-0.03649253872805346,0.5403614858600876,-1.889235104178489e-12,0.025007111210894533,7.076650137240096e-11,-0.046934459004697206,0.44263575286396684
ensemble__final-cnn_neutral_cw0.5_b5__ens,ensemble,final-cnn_neutral_cw0.5_b5,0.5099413417285982,0.3687536578937675,0.5099413413290468,1.886217893274948e-11,0.023602330543697633,1.7659015599918468e-10,-0.05193998622922906,0.44263575286396684
ensemble__final-cnn_neutral_cw0.5_k10_b10__ens,ensemble,final-cnn_neutral_cw0.5_k10_b10,-0.39442821364219827,-0.1740352378166101,-0.394428213487586,-6.784744427646803e-12,-0.015598408751852038,-5.2675623359715276e-11,-0.0005819197488228268,0.3821507854512802
ensemble__final-cnn_neutral_cw0.5_k10_b1__ens,ensemble,final-cnn_neutral_cw0.5_k10_b1,0.10513594047501976,0.11973727851601201,0.10513594035101244,4.622467344952012e-12,0.004123825949387447,6.064491353092077e-11,0.025324633150455456,0.3821507854512802
ensemble__final-cnn_neutral_cw0.5_k10_b20__ens,ensemble,final-cnn_neutral_cw0.5_k10_b20,-0.5230595111777092,-0.3600569084516327,-0.5230595107947003,-1.3733788009486375e-11,-0.021072893027238113,-3.2571719802466796e-11,0.01242090557057569,0.3821507854512802
ensemble__final-cnn_neutral_cw0.5_k10_b2__ens,ensemble,final-cnn_neutral_cw0.5_k10_b2,-0.10791983393164756,1.1502727866727165,-0.10791983507982733,4.567441386055362e-11,-0.004286536178724905,1.1008623068349889e-10,0.026299267384754854,0.3821507854512802
ensemble__final-cnn_neutral_cw0.5_k10_b3__ens,ensemble,final-cnn_neutral_cw0.5_k10_b3,-0.13372711349803498,-0.38230634844145506,-0.1337271131136484,-1.5166342563681543e-11,-0.005325286404962887,-1.0922433228339177e-10,0.007018808091204859,0.3821507854512802
ensemble__final-cnn_neutral_cw0.5_k10_b5__ens,ensemble,final-cnn_neutral_cw0.5_k10_b5,-0.10034595239924517,-0.21078177223546202,-0.10034595218865273,-8.575290258371336e-12,-0.003983521020991072,1.8129638286615232e-10,-0.004827132115719566,0.3821507854512802
ensemble__final-cnn_neutral_cw0.5_k6_b10__ens,ensemble,final-cnn_neutral_cw0.5_k6_b10,0.44624301680547246,-0.20304688746475702,0.44624301705236563,-9.86362570531166e-12,0.019847754080000904,4.229598824471811e-11,-0.052144277107009744,0.3364209337094355
ensemble__final-cnn_neutral_cw0.5_k6_b1__ens,ensemble,final-cnn_neutral_cw0.5_k6_b1,0.5538211606283622,-0.1892423577108324,0.553821160856149,-8.583425260243098e-12,0.024254664543627964,2.782945792595329e-11,0.002538158141695907,0.3364209337094355
ensemble__final-cnn_neutral_cw0.5_k6_b20__ens,ensemble,final-cnn_neutral_cw0.5_k6_b20,0.46137246715883046,-0.16732931229721446,0.4613724673531511,-8.623659740231446e-12,0.02047268632047164,-1.1314285808542414e-10,-0.04550600997214492,0.3364209337094355
ensemble__final-cnn_neutral_cw0.5_k6_b2__ens,ensemble,final-cnn_neutral_cw0.5_k6_b2,0.5369617962461007,-0.21267138940762795,0.5369617964819376,-1.0178908150367173e-11,0.02349546973960161,-2.7323535207833825e-11,-0.016666070394590712,0.3364209337094355
ensemble__final-cnn_neutral_cw0.5_k6_b3__ens,ensemble,final-cnn_neutral_cw0.5_k6_b3,0.6276864792025131,0.03431721373667595,0.6276864791586665,1.610045759711617e-12,0.02769393462292599,-9.348595921513097e-11,-0.021696862175449493,0.3364209337094355
ensemble__final-cnn_neutral_cw0.5_k6_b5__ens,ensemble,final-cnn_neutral_cw0.5_k6_b5,0.5335359775512647,0.7583115925156246,0.5335359767838598,3.5232008583678744e-11,0.023733620742935103,6.102062438167845e-11,-0.03408652258699492,0.3364209337094355
ensemble__final-cnn_neutral_cw0.5_k7_b10__ens,ensemble,final-cnn_neutral_cw0.5_k7_b10,0.4810731753425638,-0.11115025238450793,0.4810731754584874,-5.345469217050918e-12,0.019475743165197103,4.388342600069947e-11,-0.013641152086616872,0.14445730743297944
ensemble__final-cnn_neutral_cw0.5_k7_b1__ens,ensemble,final-cnn_neutral_cw0.5_k7_b1,0.5561401855660215,-0.47101810375814884,0.5561401860395982,-2.0209169067121958e-11,0.022061332335678703,-1.397359189473781e-12,0.025388270425381946,0.14445730743297944
ensemble__final-cnn_neutral_cw0.5_k7_b20__ens,ensemble,final-cnn_neutral_cw0.5_k7_b20,0.27522576043952324,-0.09110240146643972,0.2752257605249448,-4.052803419589563e-12,0.011311305645160958,1.5260024007891172e-10,-0.05243396234596099,0.14445730743297944
ensemble__final-cnn_neutral_cw0.5_k7_b2__ens,ensemble,final-cnn_neutral_cw0.5_k7_b2,0.5080041963261339,-0.14776261843820238,0.5080041964835204,-6.913831823020848e-12,0.02041983789613261,1.1658993423058984e-10,0.011223356095793195,0.14445730743297944
ensemble__final-cnn_neutral_cw0.5_k7_b3__ens,ensemble,final-cnn_neutral_cw0.5_k7_b3,0.614302361105206,-0.0339527116970633,0.614302361154793,-1.6512395603328648e-12,0.024946356423784455,2.6368466112921653e-12,-0.0016847086549517793,0.14445730743297944
ensemble__final-cnn_neutral_cw0.5_k7_b5__ens,ensemble,final-cnn_neutral_cw0.5_k7_b5,0.6551023477913976,-0.0993853044453652,0.6551023479195925,-4.28733433215266e-12,0.02621917750721322,8.77676952618271e-12,-0.01168632500303532,0.14445730743297944
ensemble__final-cnn_neutral_cw0.5_k8_b10__ens,ensemble,final-cnn_neutral_cw0.5_k8_b10,0.9644287404127404,-0.2370710060553025,0.9644287405905692,-1.0331047470767675e-11,0.037495159447033806,-3.308340639726272e-11,0.005520198302689257,0.12982653442025585
ensemble__final-cnn_neutral_cw0.5_k8_b1__ens,ensemble,final-cnn_neutral_cw0.5_k8_b1,1.0095726941652812,-0.07935115165210108,1.0095726942087555,-3.644955836008984e-12,0.03869062331126468,-1.8346824202229636e-10,0.029212398718202092,0.12982653442025585
ensemble__final-cnn_neutral_cw0.5_k8_b20__ens,ensemble,final-cnn_neutral_cw0.5_k8_b20,0.6332781929581349,0.023959708374608455,0.633278192908649,1.0110102659344708e-12,0.024869125487280427,5.709317726761653e-11,-0.021579810867298956,0.12982653442025585
ensemble__final-cnn_neutral_cw0.5_k8_b2__ens,ensemble,final-cnn_neutral_cw0.5_k8_b2,0.9824712258909865,-0.0778069015194893,0.9824712259502465,-3.471879089410926e-12,0.03788752285229703,5.309857595945876e-13,0.013094652718574492,0.12982653442025585
ensemble__final-cnn_neutral_cw0.5_k8_b3__ens,ensemble,final-cnn_neutral_cw0.5_k8_b3,1.0391142777995754,0.41929742973146283,1.0391142773328048,1.8200860041389085e-11,0.04094037416425657,1.4070796824091153e-10,0.010300786643301325,0.12982653442025585
ensemble__final-cnn_neutral_cw0.5_k8_b5__ens,ensemble,final-cnn_neutral_cw0.5_k8_b5,1.1939323549549878,0.5467383224738498,1.1939323543491838,2.331021258812112e-11,0.045870086635809854,7.9935722385341e-12,0.0066698257954938495,0.12982653442025585
ensemble__final-cnn_neutral_cw0_b10__ens,ensemble,final-cnn_neutral_cw0_b10,0.24718963003614966,-0.11368327284719054,0.24718963017897366,-6.4236901437076845e-12,0.011404348442620104,-6.17115613124842e-11,-0.011158403163039416,0.44263575286396684
ensemble__final-cnn_neutral_cw0_b1__ens,ensemble,final-cnn_neutral_cw0_b1,0.5420609495763796,-0.06058929869181012,0.5420609496632404,-3.1328511631748968e-12,0.024769783234731217,4.7417798765187844e-11,0.0060794968567328776,0.44263575286396684
ensemble__final-cnn_neutral_cw0_b20__ens,ensemble,final-cnn_neutral_cw0_b20,-0.051188336835070083,0.40778440804983596,-0.05118833730940706,2.2326289244858853e-11,-0.0024077292123769515,-1.5029401863298612e-10,-0.024781920303448807,0.44263575286396684
ensemble__final-cnn_neutral_cw0_b2__ens,ensemble,final-cnn_neutral_cw0_b2,0.6211479627759199,-0.327832408133934,0.621147963216822,-1.806543698357777e-11,0.02769956335180356,7.715329356888313e-11,-0.0009492635068914191,0.44263575286396684
ensemble__final-cnn_neutral_cw0_b3__ens,ensemble,final-cnn_neutral_cw0_b3,0.7308639312144227,-0.37483076704704754,0.7308639316235539,-2.053529404039103e-11,0.033198916091791916,-1.4848259940828383e-10,-0.0015987571004800257,0.44263575286396684
ensemble__final-cnn_neutral_cw0_b5__ens,ensemble,final-cnn_neutral_cw0_b5,0.5823387798817459,-0.5603784650995444,0.5823387805558274,-3.002036040931973e-11,0.02677044772063132,-1.2375682377439672e-10,-0.013273556530263063,0.44263575286396684
ensemble__final-cnn_neutral_cw1_b10__ens,ensemble,final-cnn_neutral_cw1_b10,-0.23140359821099862,0.3198146335986269,-0.23140359854522008,1.4811842654745035e-11,-0.01026412264500682,1.7455389288032359e-10,-0.037280779854938106,0.44263575286396684
ensemble__final-cnn_neutral_cw1_b1__ens,ensemble,final-cnn_neutral_cw1_b1,-0.13172211389269597,-0.07492371469796748,-0.13172211380927565,-3.672957527314928e-12,-0.005942787901016404,-1.7847721951729344e-10,-0.0005183607406123026,0.44263575286396684
ensemble__final-cnn_neutral_cw1_b20__ens,ensemble,final-cnn_neutral_cw1_b20,-0.37029139958430957,0.32093094370171826,-0.37029139991332166,1.5962191969388512e-11,-0.01714790796139549,6.019978701491904e-12,-0.05412904984273525,0.44263575286396684
ensemble__final-cnn_neutral_cw1_b2__ens,ensemble,final-cnn_neutral_cw1_b2,-0.008564861714008266,-0.6599023316791883,-0.008564860976407958,-3.267924073419202e-11,-0.0003791211040452955,2.381937799768664e-10,-0.006183799975643684,0.44263575286396684
ensemble__final-cnn_neutral_cw1_b3__ens,ensemble,final-cnn_neutral_cw1_b3,0.062155431566783916,0.3627935085901379,0.06215543112738226,1.947004295679873e-11,0.0027552837202156045,5.854697741074677e-11,-0.0034970665253803387,0.44263575286396684
ensemble__final-cnn_neutral_cw1_b5__ens,ensemble,final-cnn_neutral_cw1_b5,0.02251881120013022,0.42710708513046175,0.022518810718293068,2.1596288556959558e-11,0.0010050762722247073,1.2285675825741122e-10,-0.004963410669762458,0.44263575286396684
ensemble__full_paper-ff5_b10__ens,ensemble,full_paper-ff5_b10,0.7975797895606714,0.7455287385078314,0.3903939683441781,0.011090957816455683,0.010899567910399267,0.3324913811733465,0.08217906852103288,0.8209217551034704
ensemble__full_paper-ff5_b1__ens,ensemble,full_paper-ff5_b1,2.122865814693347,0.37207945123279706,1.9399192195879107,0.003985763857110627,0.05315081603804813,0.16647920327219154,0.03147212050642351,0.8209217551034704
ensemble__full_paper-ff5_b20__ens,ensemble,full_paper-ff5_b20,0.4738655531179387,0.9369376180378979,-0.016014680873525443,0.013911750340598383,-0.0004304734254506658,0.43885104736779523,0.13217906829605544,0.8209217551034704
ensemble__full_paper-ff5_b3__ens,ensemble,full_paper-ff5_b3,1.769767514599481,0.7387369488631484,1.409507005718715,0.009008278234564786,0.038840363644560984,0.22306689377402092,0.04609410570767237,0.8209217551034704
ensemble__full_paper-ff5_b5__ens,ensemble,full_paper-ff5_b5,1.4502954176464569,0.6866029671317607,0.994849452732327,0.010586750872947704,0.02900083276443407,0.26070849155583375,0.052594633426858196,0.8209217551034704
ensemble__full_paper-pca5_b10__ens,ensemble,full_paper-pca5_b10,1.3892754758032815,0.27528671013259587,1.3824275753209017,0.0006292421779071568,0.028053831501854365,0.0336167346421085,0.06933128770970015,0.18270690810397344
ensemble__full_paper-pca5_b1__ens,ensemble,full_paper-pca5_b1,2.8418439995057136,0.24231544335354002,2.845601717844255,0.00034185922165903945,0.06392434985779047,0.05884955177729448,0.06417659190577664,0.18270690810397344
ensemble__full_paper-pca5_b20__ens,ensemble,full_paper-pca5_b20,1.0775488277604164,0.278869737413875,1.0640319277719592,0.0007108212909684648,0.020299138465843008,-0.002954380591120899,0.0674891690352406,0.18270690810397344
ensemble__full_paper-pca5_b3__ens,ensemble,full_paper-pca5_b3,2.360175750677549,0.2947041656280164,2.362202922057982,0.0005370581601695685,0.05016761843716579,0.058331808023941646,0.07032596170065795,0.18270690810397344
ensemble__full_paper-pca5_b5__ens,ensemble,full_paper-pca5_b5,1.9308492176953576,0.31885437551522555,1.9254501157700303,0.0006431777278002917,0.04044867004576226,0.05230411529074522,0.08038823620239666,0.18270690810397344
ensemble__full_paper_costs-ff5_b10__ens,ensemble,full_paper_costs-ff5_b10,0.6055792602819842,0.48356970327541315,-0.026903113305683436,0.022520867164547206,-0.0012256358862483717,0.67915687007418,0.1843076841108275,0.8209217551034704
ensemble__full_paper_costs-ff5_b1__ens,ensemble,full_paper_costs-ff5_b1,0.9362224220969957,0.49589509356771233,0.2958303763403438,0.020564733272112133,0.012120148118445157,0.6330075141010517,0.17449344548539633,0.8209217551034704
ensemble__full_paper_costs-ff5_b20__ens,ensemble,full_paper_costs-ff5_b20,0.5844135090707095,0.46710612724368805,-0.05068117730632975,0.023297067906605875,-0.0024659306868942367,0.701867152552615,0.189970189228806,0.8209217551034704
ensemble__full_paper_costs-ff5_b3__ens,ensemble,full_paper_costs-ff5_b3,0.8074696901817527,0.5208882791162551,0.14930957708708517,0.021956609002652484,0.00618795419887474,0.6496170537361113,0.17884970419975993,0.8209217551034704
ensemble__full_paper_costs-ff5_b5__ens,ensemble,full_paper_costs-ff5_b5,0.7046991734953455,0.5270231936469083,0.0481767598952351,0.0225817154216928,0.0020249503594578695,0.6609292020401168,0.18006128234840368,0.8209217551034704
ensemble__full_paper_costs-pca5_b10__ens,ensemble,full_paper_costs-pca5_b10,0.27649208528388425,0.2244993315185186,0.24679664448435093,0.0007505674574238855,0.0034823931506584014,0.9019045173915434,0.43145533089918275,0.18270690810397344
ensemble__full_paper_costs-pca5_b1__ens,ensemble,full_paper_costs-pca5_b1,0.7401186073438003,0.1983388436129237,0.7510568445349415,0.0006423402581459657,0.011673051022466635,0.8635979032347997,0.39694469026872037,0.18270690810397344
ensemble__full_paper_costs-pca5_b20__ens,ensemble,full_paper_costs-pca5_b20,0.10112832622416547,0.22151335899241487,0.05432041028146012,0.0007517666632274276,0.0007242014528806177,0.922951422626957,0.4561450569985564,0.18270690810397344
ensemble__full_paper_costs-pca5_b3__ens,ensemble,full_paper_costs-pca5_b3,0.4739884875721541,0.21057908250516677,0.4644308064537984,0.0006902730128620607,0.006892930803204099,0.8777930180623583,0.41799965361483354,0.18270690810397344
ensemble__full_paper_costs-pca5_b5__ens,ensemble,full_paper_costs-pca5_b5,0.37204482633769503,0.22026408234966188,0.35236848235906715,0.0007273567236356167,0.005116397830828155,0.8866894278345133,0.4265820428750224,0.18270690810397344
ensemble__full_recipe-ff5_cw0.25_b10__ens,ensemble,full_recipe-ff5_cw0.25_b10,0.6165774387230027,0.3844257865956815,0.616577436477783,6.134427839378364e-11,0.016963978657695035,1.3205579368588792e-11,0.015612555278812387,0.8209217551034704
ensemble__full_recipe-ff5_cw0.25_b1__ens,ensemble,full_recipe-ff5_cw0.25_b1,1.9901538933819314,0.1348012282095634,1.9901538927191973,1.8094384288012628e-11,0.05450742078753175,1.2343550679852392e-11,0.0031690504286469327,0.8209217551034704
ensemble__full_recipe-ff5_cw0.25_b20__ens,ensemble,full_recipe-ff5_cw0.25_b20,0.2667646027629417,0.16063476397419846,0.2667646024539625,8.46561099583261e-12,0.00741230160744338,1.1322900854002898e-11,0.047068896571644245,0.8209217551034704
ensemble__full_recipe-ff5_cw0.25_b3__ens,ensemble,full_recipe-ff5_cw0.25_b3,1.5918375775594735,-0.007839198479915302,1.5918375776251699,-4.893617308150741e-13,0.043451284028641894,9.253863110261701e-12,0.002119023477528304,0.8209217551034704
ensemble__full_recipe-ff5_cw0.25_b5__ens,ensemble,full_recipe-ff5_cw0.25_b5,1.3339283859794955,-0.41552395188344365,1.3339283875757564,-3.9463953221537986e-11,0.03627863604196401,-5.026570114389787e-11,-0.0009945854034635476,0.8209217551034704
ensemble__full_recipe-ff5_cw0.5_b10__ens,ensemble,full_recipe-ff5_cw0.5_b10,0.4168482403858974,0.2671329332963328,0.4168482396083458,2.3570292416573782e-11,0.01273206538960503,-4.64912123862014e-12,-0.012522951092512339,0.8209217551034704
ensemble__full_recipe-ff5_cw0.5_b1__ens,ensemble,full_recipe-ff5_cw0.5_b1,1.3078814293179233,-0.2571940723282433,1.3078814299740325,-2.056909894400818e-11,0.03837597630212503,3.377485895666458e-11,-0.016109139150979637,0.8209217551034704
ensemble__full_recipe-ff5_cw0.5_b20__ens,ensemble,full_recipe-ff5_cw0.5_b20,0.16228906212505634,-0.29362395553089227,0.16228906344530078,-4.186649300187935e-11,0.0051192873779333506,-9.925746422695392e-12,0.004656249933267139,0.8209217551034704
ensemble__full_recipe-ff5_cw0.5_b3__ens,ensemble,full_recipe-ff5_cw0.5_b3,1.1290978112934325,0.36385513934821756,1.1290978096309627,5.0107295449400426e-11,0.033673916253836485,-2.5114274917040328e-11,-0.021505816967658804,0.8209217551034704
ensemble__full_recipe-ff5_cw0.5_b5__ens,ensemble,full_recipe-ff5_cw0.5_b5,0.9207608108093142,-0.1993043976583974,0.9207608113300374,-1.4443048059879106e-11,0.027495160569929393,-5.670432893205441e-12,-0.024434068385605193,0.8209217551034704
ensemble__full_recipe-pca5_cw0.25_b10__ens,ensemble,full_recipe-pca5_cw0.25_b10,1.450014277045048,-0.28159784072089894,1.4500142771041973,-1.488701785203271e-12,0.03466361798540474,-9.698746369084205e-13,0.06297897499150917,0.18270690810397344
ensemble__full_recipe-pca5_cw0.25_b1__ens,ensemble,full_recipe-pca5_cw0.25_b1,2.88027909563829,0.35568516534776795,2.8802790955607542,1.8113719249171782e-12,0.07123783912411141,-1.8045069164437288e-11,0.051288592895251686,0.18270690810397344
ensemble__full_recipe-pca5_cw0.25_b20__ens,ensemble,full_recipe-pca5_cw0.25_b20,1.0442397293458863,-0.12391070563003188,1.0442397293695533,-6.277779250819395e-13,0.024908845548683344,-5.672399411111492e-12,0.07609793735325573,0.18270690810397344
ensemble__full_recipe-pca5_cw0.25_b3__ens,ensemble,full_recipe-pca5_cw0.25_b3,2.328509214623901,-0.21358662536128514,2.328509214703448,-1.102966582115173e-12,0.05493570342983037,-1.8283187869851986e-11,0.06575403185542403,0.18270690810397344
ensemble__full_recipe-pca5_cw0.25_b5__ens,ensemble,full_recipe-pca5_cw0.25_b5,1.953272423726569,-0.27388705864146246,1.9532724237890338,-1.460953447613689e-12,0.04625727061734976,1.4101245469946457e-12,0.07209527128633286,0.18270690810397344
ensemble__full_recipe-pca5_cw0.5_b10__ens,ensemble,full_recipe-pca5_cw0.5_b10,1.1655150817206796,-0.4872595939508399,1.1655150818183455,-2.5066215732037504e-12,0.029258957040578158,-1.52078910821538e-11,0.0437520848006836,0.18270690810397344
ensemble__full_recipe-pca5_cw0.5_b1__ens,ensemble,full_recipe-pca5_cw0.5_b1,2.526153368976791,-0.21544730499419218,2.526153369024507,-1.0944705997773915e-12,0.06573829661427648,-8.16409186015914e-12,0.04265103653369711,0.18270690810397344
ensemble__full_recipe-pca5_cw0.5_b20__ens,ensemble,full_recipe-pca5_cw0.5_b20,0.7208416971852935,-0.06867342848131067,0.7208416971994785,-3.4113756780065506e-13,0.018359974672784853,2.2196240270066062e-11,0.04189011332287893,0.18270690810397344
ensemble__full_recipe-pca5_cw0.5_b3__ens,ensemble,full_recipe-pca5_cw0.5_b3,1.9563950409815454,-0.3555227579393825,1.9563950410394544,-1.866214166170796e-12,0.04820396052777265,-1.2918978736341307e-11,0.05184930430138929,0.18270690810397344
ensemble__full_recipe-pca5_cw0.5_b5__ens,ensemble,full_recipe-pca5_cw0.5_b5,1.6305603692380004,0.27374827236211496,1.630560369183333,1.4501469777831266e-12,0.04007108752292708,8.534094601307513e-12,0.052122360868148275,0.18270690810397344
ensemble__full_recipe-pca8_cw0.25_b10__ens,ensemble,full_recipe-pca8_cw0.25_b10,1.5173329818365722,-0.5040007284865547,1.5173329819322587,-2.2579506586528275e-12,0.0352036048707233,2.0131149372747001e-13,0.04212938062108153,0.26882578990327877
ensemble__full_recipe-pca8_cw0.25_b1__ens,ensemble,full_recipe-pca8_cw0.25_b1,2.864220681906279,0.20046358336513959,2.864220681896916,9.4985517432714e-13,0.06714822366327079,5.998881820693632e-11,0.015459798444132719,0.26882578990327877
ensemble__full_recipe-pca8_cw0.25_b20__ens,ensemble,full_recipe-pca8_cw0.25_b20,1.412379254191896,0.03290992465245214,1.4123792541852973,1.4837025376465923e-13,0.033012072381032986,-5.097980041738817e-11,0.04444823025731058,0.26882578990327877
ensemble__full_recipe-pca8_cw0.25_b3__ens,ensemble,full_recipe-pca8_cw0.25_b3,2.4103711716710854,-0.025107368435732233,2.4103711716712453,-1.1744899832802148e-13,0.054873984811671356,-5.342452906799212e-11,0.043490536532682963,0.26882578990327877
ensemble__full_recipe-pca8_cw0.25_b5__ens,ensemble,full_recipe-pca8_cw0.25_b5,2.01015441182701,0.4064749344146623,2.0101544117362726,1.943487662181522e-12,0.0467508264360003,2.3652444853589535e-11,0.04533355522280426,0.26882578990327877
ensemble__full_recipe-pca8_cw0.5_b10__ens,ensemble,full_recipe-pca8_cw0.5_b10,1.127334791926398,0.24521292843287604,1.127334791880406,1.0642170302372248e-12,0.02585260816156921,-2.362914568826213e-11,0.022873288046707775,0.26882578990327877
ensemble__full_recipe-pca8_cw0.5_b1__ens,ensemble,full_recipe-pca8_cw0.5_b1,2.604219800046534,-0.1884595652038394,2.6042198000957817,-8.549512238908038e-13,0.060798092248020165,7.012469903503737e-11,0.017293783300377476,0.26882578990327877
ensemble__full_recipe-pca8_cw0.5_b20__ens,ensemble,full_recipe-pca8_cw0.5_b20,1.0250738114870077,-0.0064644675192645955,1.0250738114831974,-3.026688307847001e-14,0.02369723256250968,-1.076978556122038e-11,0.020659316761488987,0.26882578990327877
ensemble__full_recipe-pca8_cw0.5_b3__ens,ensemble,full_recipe-pca8_cw0.5_b3,2.038255049291843,0.03467475469734058,2.038255049297024,1.5250782935713695e-13,0.04613642715086892,4.04561629522287e-12,0.033307116571096716,0.26882578990327877
ensemble__full_recipe-pca8_cw0.5_b5__ens,ensemble,full_recipe-pca8_cw0.5_b5,1.6031820468609033,0.33716177628415456,1.603182046799411,1.4721471694423808e-12,0.036843520461887186,-1.0127221917324056e-11,0.028137294624544753,0.26882578990327877
ensemble__models-cnn_transformer_b10__ens,ensemble,models-cnn_transformer_b10,0.3083214303683963,0.4482821717080789,0.07018281793887263,0.005263722712685996,0.0012629302195390297,0.9836513645283539,0.525687340551427,0.44263575286396684
ensemble__models-cnn_transformer_b1__ens,ensemble,models-cnn_transformer_b1,0.5156382577210296,0.6242612895567053,0.3242616638788517,0.006289652535682549,0.009125525978208449,0.8584146848268642,0.32000434779339043,0.44263575286396684
ensemble__models-cnn_transformer_b3__ens,ensemble,models-cnn_transformer_b3,0.7188717508327049,0.5420838544645905,0.5353529757078237,0.00598344940140105,0.01252276657049513,0.932995553835531,0.4118301659543133,0.44263575286396684
ensemble__models-cnn_transformer_b5__ens,ensemble,models-cnn_transformer_b5,0.4213105160593606,0.47180105680530215,0.22023750682277435,0.00538214429093329,0.0047084270327322495,0.9591384445267985,0.4486815574948432,0.44263575286396684
ensemble__neutral-cnn_transformer_neutral_b10__ens,ensemble,neutral-cnn_transformer_neutral_b10,0.24718963003614966,-0.11368327284719054,0.24718963017897366,-6.4236901437076845e-12,0.011404348442620104,-6.17115613124842e-11,-0.011158403163039416,0.44263575286396684
ensemble__neutral-cnn_transformer_neutral_b1__ens,ensemble,neutral-cnn_transformer_neutral_b1,0.5420609495763796,-0.06058929869181012,0.5420609496632404,-3.1328511631748968e-12,0.024769783234731217,4.7417798765187844e-11,0.0060794968567328776,0.44263575286396684
ensemble__neutral-cnn_transformer_neutral_b3__ens,ensemble,neutral-cnn_transformer_neutral_b3,0.7308639312144227,-0.37483076704704754,0.7308639316235539,-2.053529404039103e-11,0.033198916091791916,-1.4848259940828383e-10,-0.0015987571004800257,0.44263575286396684
ensemble__neutral-cnn_transformer_neutral_b5__ens,ensemble,neutral-cnn_transformer_neutral_b5,0.5823387798817459,-0.5603784650995444,0.5823387805558274,-3.002036040931973e-11,0.02677044772063132,-1.2375682377439672e-10,-0.013273556530263063,0.44263575286396684
ensemble__neutral-ou_ffn_neutral_b10__ens,ensemble,neutral-ou_ffn_neutral_b10,0.17915686919785884,-0.7842035872536998,0.17915687013742765,-4.4610584854588385e-11,0.008596591184698125,2.1686849034949006e-10,-0.04644747350851137,0.44263575286396684
ensemble__neutral-ou_ffn_neutral_b1__ens,ensemble,neutral-ou_ffn_neutral_b1,0.006030624626468986,0.6996888032626125,0.006030623761717365,4.4145372517502e-11,0.0003079178182870734,5.77541113756891e-11,-0.015805157827596453,0.44263575286396684
ensemble__neutral-ou_ffn_neutral_b3__ens,ensemble,neutral-ou_ffn_neutral_b3,0.19119416591437713,-0.18293332227959216,0.19119416612409562,-1.093497729834744e-11,0.009754665274910826,-5.33123999730225e-11,-0.014714903809814045,0.44263575286396684
ensemble__neutral-ou_ffn_neutral_b5__ens,ensemble,neutral-ou_ffn_neutral_b5,0.19877359087593113,0.01966511860153907,0.1987735908269693,1.2148819001455844e-12,0.009985487803929454,1.564646726409796e-10,-0.03033901485931611,0.44263575286396684
epochs__e100__s0,epochs,e100,0.6378213335803642,0.4645212297697245,0.5496891818941326,0.0038079095195544398,0.018979178579205332,0.6855287727128823,0.2269436945558859,0.44263575286396684
epochs__e100__s1,epochs,e100,0.16334328829367706,0.6224160324973634,0.012486152539722455,0.00542676295509356,0.00043266930899416684,0.6584527140689238,0.25119733908261344,0.44263575286396684
epochs__e100__s2,epochs,e100,0.3035088795216071,0.6862638056122609,0.1502405289836063,0.005692716818401852,0.005366367201689646,0.6892093638323716,0.18331831648983613,0.44263575286396684
epochs__e10__s0,epochs,e10,-0.2848727735305982,0.35512684524616356,-0.4102447860641101,0.003331684804691067,-0.012528045114465198,0.6954268626219409,0.2851943696290555,0.44263575286396684
epochs__e10__s1,epochs,e10,-0.06942598814592962,0.9734950496834964,-0.28138569092522947,0.007321775696137064,-0.00974006293075485,0.4495209262495651,0.10580688297562447,0.44263575286396684
epochs__e10__s2,epochs,e10,0.2225552151696017,0.7673244107304262,-0.002305805021917215,0.0069586212589778495,-6.850114596262507e-05,0.7262701368328237,0.24496890389409665,0.44263575286396684
epochs__e30__s0,epochs,e30,0.6271750035771678,0.49002161355101387,0.4821009253165371,0.005090043889416521,0.01211750547509579,0.8738251866547478,0.38349782030064045,0.44263575286396684
epochs__e30__s1,epochs,e30,0.3133756557807929,0.6022980260893244,0.1593853937847213,0.005297806122864554,0.005129967658005927,0.6994543399479851,0.2382565681983516,0.44263575286396684
epochs__e30__s2,epochs,e30,0.5192854273891212,0.8341558964960577,0.312349348423598,0.007211250846425855,0.010099347784182804,0.7054644477477393,0.2040727603834163,0.44263575286396684
factors__cnn_transformer_k0__s0,factors,cnn_transformer_k0,0.8274935611652203,1.0155679438043685,-0.366317073327825,0.16200337449909716,-0.018934974829951434,0.6467467688285001,0.8259063703387127,0.9451538031633624
factors__cnn_transformer_k0__s1,factors,cnn_transformer_k0,0.7502676425149745,0.8497062996599939,-0.13924213557415666,0.13622852951448627,-0.006978643010654936,0.605180038974846,0.876900455311839,0.9451538031633624
factors__cnn_transformer_k0__s2,factors,cnn_transformer_k0,0.7631109197460487,0.8519011798091174,-0.10028035936606829,0.13238674332099806,-0.005292917704489793,0.566560206201319,0.830209612067427,0.9451538031633624
factors__cnn_transformer_k10__s0,factors,cnn_transformer_k10,-0.08207905376921032,0.13626959045318746,-0.1217233817159197,0.0010180407794175858,-0.003354157144540185,0.6898269505233591,0.21334282722968267,0.3821507854512802
factors__cnn_transformer_k10__s1,factors,cnn_transformer_k10,0.10771070399334798,0.14545380000382235,0.07087763221086336,0.001106597620569159,0.0018713244178098901,0.7290518839471191,0.28206642657465336,0.3821507854512802
factors__cnn_transformer_k10__s2,factors,cnn_transformer_k10,-0.47062492601283007,0.2118740308920983,-0.5540385119672508,0.0016411119736056733,-0.014388656765518527,0.7750862698390028,0.28836738100797576,0.3821507854512802
factors__cnn_transformer_k15__s0,factors,cnn_transformer_k15,-0.25588923197735086,0.5467310839000877,-0.38230850787973897,0.0034410477791574764,-0.010770504053590669,0.5947373732142095,0.09579266525158736,0.38943150182668174
factors__cnn_transformer_k15__s1,factors,cnn_transformer_k15,-0.0625809943115117,0.058607703419907696,-0.07697658300157664,0.00032829362284424467,-0.0020561254353146183,0.44281532687678127,0.1281014486829754,0.38943150182668174
factors__cnn_transformer_k15__s2,factors,cnn_transformer_k15,0.26046377423269346,0.7675108121269033,0.11789488463839697,0.004077919234464732,0.0032496191844932788,0.5497571437870659,0.13606269800982232,0.38943150182668174
factors__cnn_transformer_k1__s0,factors,cnn_transformer_k1,0.4737250366319075,0.7670075600894375,0.23495386866043366,0.010892509508848493,0.009294882476176847,0.7709948574034746,0.36697332954508766,0.6840815866427745
factors__cnn_transformer_k1__s1,factors,cnn_transformer_k1,0.33962083516641417,0.8128044390414472,0.0706216016966753,0.010826697713613252,0.0025929658134616813,0.727697891478675,0.3468295646348874,0.6840815866427745
factors__cnn_transformer_k1__s2,factors,cnn_transformer_k1,0.7235730978262739,0.7783231531143081,0.4649154698159615,0.010986755454552076,0.016935820989703955,0.8009610371964304,0.31620703771079967,0.6840815866427745
factors__cnn_transformer_k3__s0,factors,cnn_transformer_k3,-0.11243481258009388,0.7225027154106937,-0.4903171513064706,0.009407603001897543,-0.012683992514685556,0.9206603564345794,0.4455746287945322,0.7300772796872131
factors__cnn_transformer_k3__s1,factors,cnn_transformer_k3,0.050676390761425175,0.7459100701305789,-0.299484366913356,0.009271290068863304,-0.007816266473410752,0.8591963926348671,0.39390268079048496,0.7300772796872131
factors__cnn_transformer_k3__s2,factors,cnn_transformer_k3,0.09042223712357718,0.7812177201898478,-0.27001159345852466,0.009688526415204853,-0.0070910178192221205,0.8643077180921814,0.3920009195288382,0.7300772796872131
factors__cnn_transformer_k5__s0,factors,cnn_transformer_k5,0.6271750035771678,0.49002161355101387,0.4821009253165371,0.005090043889416521,0.01211750547509579,0.8738251866547478,0.38349782030064045,0.44263575286396684
factors__cnn_transformer_k5__s1,factors,cnn_transformer_k5,0.3133756557807929,0.6022980260893244,0.1593853937847213,0.005297806122864554,0.005129967658005927,0.6994543399479851,0.2382565681983516,0.44263575286396684
factors__cnn_transformer_k5__s2,factors,cnn_transformer_k5,0.5192854273891212,0.8341558964960577,0.312349348423598,0.007211250846425855,0.010099347784182804,0.7054644477477393,0.2040727603834163,0.44263575286396684
factors__cnn_transformer_k8__s0,factors,cnn_transformer_k8,0.7763424509973471,-0.1407508476171412,0.8082928776353183,-0.0007701445244759995,0.028898886433331092,0.31439407161822636,0.06302259778445592,0.12982653442025585
factors__cnn_transformer_k8__s1,factors,cnn_transformer_k8,-0.08334331708552359,-0.11200252637764409,-0.0683845404571334,-0.0005515977038497229,-0.002483639192562006,0.2031710190876044,0.07020509447829837,0.12982653442025585
factors__cnn_transformer_k8__s2,factors,cnn_transformer_k8,0.5962819463541628,-0.053492902461687836,0.611712794277939,-0.00030802215242037225,0.021609944664527776,0.1867097641937922,0.056814954756163175,0.12982653442025585
factors__fourier_ffn_k0__s0,factors,fourier_ffn_k0,0.7058248291664823,0.646372381937744,0.39862253256938057,0.12279218018825598,0.019900970133644502,0.6690434192967286,0.8277893724091822,0.9451538031633624
factors__fourier_ffn_k0__s1,factors,fourier_ffn_k0,0.8559374553636999,0.8966080504457382,-0.06837795358730199,0.1690962396517024,-0.003567257841538613,0.6286120653313635,0.7376032131305086,0.9451538031633624
factors__fourier_ffn_k0__s2,factors,fourier_ffn_k0,0.10981954025133918,0.08556449163191514,0.11684574647397218,0.016152873219188426,0.005187617715312032,0.1268107555176296,0.4790023820698167,0.9451538031633624
factors__fourier_ffn_k10__s0,factors,fourier_ffn_k10,-0.6681973217941334,-0.3585725157857623,-0.5812392626852049,-0.003092386313502551,-0.0107291013157146,0.38656019928363594,0.21614308072122349,0.3821507854512802
factors__fourier_ffn_k10__s1,factors,fourier_ffn_k10,0.17120474860487603,0.47591493200429336,-0.16114697422253998,0.00442491691318415,-0.001886029839083681,0.819743196475439,0.5197476292926427,0.3821507854512802
factors__fourier_ffn_k10__s2,factors,fourier_ffn_k10,-0.41393679743664513,-0.13123140993553545,-0.4069037298051395,-0.001080612839638836,-0.00879002993778238,0.09249477065196571,0.18847601498360259,0.3821507854512802
factors__fourier_ffn_k15__s0,factors,fourier_ffn_k15,-0.6039401231518519,-0.4235546037698364,-0.4813707530639355,-0.0030198694657666667,-0.009503723744380363,0.20839580916695716,0.16002613621872971,0.38943150182668174
factors__fourier_ffn_k15__s1,factors,fourier_ffn_k15,0.3050759109448882,0.6514997853657412,-0.04307510084445904,0.005228890021478614,-0.0005441804124456007,0.8075769714713962,0.493532658546697,0.38943150182668174
factors__fourier_ffn_k15__s2,factors,fourier_ffn_k15,-0.0811115028600339,-0.6724269728719678,0.2024275788393636,-0.004917636100199319,0.0034352436317200913,-0.20552473499334667,-0.008580954785032603,0.38943150182668174
factors__fourier_ffn_k1__s0,factors,fourier_ffn_k1,0.30524185067164417,0.6074050396138199,0.06205675875505419,0.009969777239822272,0.0023090692443674065,0.6271332280911365,0.33488006296819917,0.6840815866427745
factors__fourier_ffn_k1__s1,factors,fourier_ffn_k1,0.40983207437555785,0.6223999743444517,0.05069912603272577,0.011434729237181147,0.0013625271672365706,0.821481779438516,0.4196103224780957,0.6840815866427745
factors__fourier_ffn_k1__s2,factors,fourier_ffn_k1,0.6223445029526732,0.14577668697400747,0.6105716919623742,0.002453460635476059,0.020596379222972496,0.3955083019995721,0.1791239660782402,0.6840815866427745
factors__fourier_ffn_k3__s0,factors,fourier_ffn_k3,0.2895949942479792,0.4284816064112586,0.06018140466351712,0.005717276847024161,0.0012291360451270768,0.5800035890388249,0.35992379701650284,0.7300772796872131
factors__fourier_ffn_k3__s1,factors,fourier_ffn_k3,0.47305847952001734,0.6328702465226175,-0.03668501515873068,0.008840679563736404,-0.0004104387894469973,0.830927927186062,0.5481776436605434,0.7300772796872131
factors__fourier_ffn_k3__s2,factors,fourier_ffn_k3,-0.26311670879010535,-0.3957541346707085,-0.02650654788780623,-0.005315035993050322,-0.0004497590301770395,0.24139355771131873,0.18483030639776837,0.7300772796872131
factors__fourier_ffn_k5__s0,factors,fourier_ffn_k5,-0.24709879949821378,-0.07880365196537431,-0.23729389669374812,-0.0009113124630109377,-0.004698106077897682,0.44603595109528843,0.27516739714907607,0.44263575286396684
factors__fourier_ffn_k5__s1,factors,fourier_ffn_k5,0.4959567924412656,0.475073422469417,0.19572576776698106,0.005659762885488411,0.0021060979229586157,0.8296958499244154,0.598031341497794,0.44263575286396684
factors__fourier_ffn_k5__s2,factors,fourier_ffn_k5,-0.4226195122063021,-0.14735763620786602,-0.40041054841514573,-0.0016854293010741311,-0.008984861465476916,0.26046970757385407,0.25192550481262777,0.44263575286396684
factors__fourier_ffn_k8__s0,factors,fourier_ffn_k8,-0.10998530960290202,-0.30975188001413584,0.039802289059410696,-0.00302246063041004,0.0007281366837383799,0.018389793854030455,0.10801371479610547,0.12982653442025585
factors__fourier_ffn_k8__s1,factors,fourier_ffn_k8,0.3598008287147272,0.24208992691468387,0.2800140270732025,0.002350545073850569,0.005185290794351938,0.5280348202076922,0.3234836597229769,0.12982653442025585
factors__fourier_ffn_k8__s2,factors,fourier_ffn_k8,-0.07422546382360348,-0.8174765925521924,0.19170679483123718,-0.006850884034047445,0.004858063917740228,-0.32023902297124673,-0.06551887213534445,0.12982653442025585
factors__ou_threshold_k0__s0,factors,ou_threshold_k0,-0.3526325902995733,-0.017560244802439732,-0.5017918506837366,-0.0019897254826336244,-0.05204829928745504,0.07833613461073154,0.24016398477927164,0.9451538031633624
factors__ou_threshold_k10__s0,factors,ou_threshold_k10,-0.12711560301971847,-0.26719887167454437,-0.1168053514049463,-0.0008074083538105979,-0.009077950420010984,0.03068528443183034,-0.028488282664381293,0.3821507854512802
factors__ou_threshold_k15__s0,factors,ou_threshold_k15,-0.3442730862210188,-0.6924775437339616,-0.31880598073689254,-0.0019591266184292543,-0.02447124370954315,0.031735893627798245,-0.011228832452210688,0.38943150182668174
factors__ou_threshold_k1__s0,factors,ou_threshold_k1,-0.3456084726953987,0.33441756051611776,-0.36531738259906604,0.0020094724057847604,-0.03781781387130227,0.01648489089176531,-0.007526034898565477,0.6840815866427745
factors__ou_threshold_k3__s0,factors,ou_threshold_k3,-0.18096376805411882,-0.41461353392109834,-0.15791590723666207,-0.0020038455362874352,-0.013544942722002698,0.002303037533708625,0.026992503734260067,0.7300772796872131
factors__ou_threshold_k5__s0,factors,ou_threshold_k5,-0.2602088986919144,0.13678953687051731,-0.266450102015319,0.0005919979891302667,-0.023002568071600223,0.00422892631587352,0.016818644829672186,0.44263575286396684
factors__ou_threshold_k8__s0,factors,ou_threshold_k8,-0.016503199333864852,-0.36198358215871235,-0.0004536305541623824,-0.0012073091964694045,-3.41690712143067e-05,0.023053807506007433,0.015672480944326394,0.12982653442025585
final__cnn_neutral_cw0.25__s0,final,cnn_neutral_cw0.25,0.3954645455868513,-0.3924661104404458,0.39546455439019707,-3.987980936934364e-10,0.01770048796173602,-1.6617240838758686e-09,0.003044932519037094,0.44263575286396684
final__cnn_neutral_cw0.25__s1,final,cnn_neutral_cw0.25,0.40050161324016254,-0.008538089392410079,0.400501613275765,-7.946191418603104e-12,0.01864069680751353,4.2454716688308466e-10,-0.03171526904584771,0.44263575286396684
final__cnn_neutral_cw0.25__s2,final,cnn_neutral_cw0.25,0.4911706436160688,-0.6132922295035691,0.4911706493912099,-2.626285765831605e-10,0.022309213952850387,-1.5774113511607113e-09,-0.014466404026371917,0.44263575286396684
final__cnn_neutral_cw0.5__s0,final,cnn_neutral_cw0.5,0.22241783111934152,-0.00654684372442901,0.22241783092617684,-6.368705785174213e-12,0.00946426722211778,2.600112270541233e-09,0.018493001080705108,0.44263575286396684
final__cnn_neutral_cw0.5__s1,final,cnn_neutral_cw0.5,0.14048956284263173,0.19876661883691982,0.14048956075538477,9.708101618432797e-11,0.00649378862578318,-1.2999771754305266e-10,-0.053966226111107254,0.44263575286396684
final__cnn_neutral_cw0.5__s2,final,cnn_neutral_cw0.5,0.36624787409518494,-0.42933769206906497,0.36624787701693623,-1.2780657800259778e-10,0.016206153064451397,4.926192499549629e-10,-0.03424295163456061,0.44263575286396684
final__cnn_neutral_cw0.5_k10__s0,final,cnn_neutral_cw0.5_k10,-0.007660819898990161,-0.013711117312938738,-0.007660819774635047,-4.807548029937202e-12,-0.0002951267320384118,-3.6484904316287247e-10,0.04644204793694458,0.3821507854512802
final__cnn_neutral_cw0.5_k10__s1,final,cnn_neutral_cw0.5_k10,0.051872007482139965,0.028134503239405837,0.05187200731309408,6.680784343969518e-12,0.0020163758832468493,-9.779330281807573e-10,-0.01535351111131318,0.3821507854512802
final__cnn_neutral_cw0.5_k10__s2,final,cnn_neutral_cw0.5_k10,-0.15586491180746156,-0.19861443020168745,-0.1558649107986087,-3.9734407797835766e-11,-0.0059726244338118755,2.6800397519723897e-10,-0.0056431889741434095,0.3821507854512802
final__cnn_neutral_cw0.5_k6__s0,final,cnn_neutral_cw0.5_k6,0.2318910999689122,-0.285582995508925,0.23189110489079215,-2.0777605793682684e-10,0.009713864298210882,-1.81143271686914e-09,-0.009292267897070695,0.3364209337094355
final__cnn_neutral_cw0.5_k6__s1,final,cnn_neutral_cw0.5_k6,0.17108563403818916,0.28124619923552197,0.1710856315757712,1.0482642307706131e-10,0.007247010881443817,-1.1190154807118037e-09,0.005598949182028858,0.3364209337094355
final__cnn_neutral_cw0.5_k6__s2,final,cnn_neutral_cw0.5_k6,0.4838269699315296,-0.16254509394858474,0.4838269714805474,-6.342796530441724e-11,0.021171371771307086,-1.155970449054754e-09,-0.03350225199527486,0.3364209337094355
final__cnn_neutral_cw0.5_k7__s0,final,cnn_neutral_cw0.5_k7,0.2818266117103908,-0.310050984910722,0.2818266155784684,-1.4130705402692e-10,0.01122244985671664,9.985031397647111e-10,0.0370753640777515,0.14445730743297944
final__cnn_neutral_cw0.5_k7__s1,final,cnn_neutral_cw0.5_k7,0.30523986476891063,0.4992243882586982,0.3052398616183,1.3033588121369806e-10,0.012425747406358826,7.583974967471445e-10,-0.013575478176960218,0.14445730743297944
final__cnn_neutral_cw0.5_k7__s2,final,cnn_neutral_cw0.5_k7,0.6831538158905326,0.09395434405406393,0.683153814990498,3.058912351788692e-11,0.027998235479855076,-6.64185950263615e-10,0.014377431352673468,0.14445730743297944
final__cnn_neutral_cw0.5_k8__s0,final,cnn_neutral_cw0.5_k8,0.4583353182695816,-0.18128825759573344,0.45833531978791936,-6.704723936307831e-11,0.017799412539864605,-1.4759374925499265e-09,0.016145885935988775,0.12982653442025585
final__cnn_neutral_cw0.5_k8__s1,final,cnn_neutral_cw0.5_k8,0.6073149642183765,0.44798197885458496,0.607314961224349,1.1978611182643906e-10,0.02425299094060834,-8.771035543926894e-10,-0.015028272237870512,0.12982653442025585
final__cnn_neutral_cw0.5_k8__s2,final,cnn_neutral_cw0.5_k8,0.9353828587083886,-0.006661312033022673,0.9353828582218969,-2.204464554699701e-12,0.03758135621854727,-3.3473843641497353e-10,0.04942874504408065,0.12982653442025585
final__cnn_neutral_cw0__s0,final,cnn_neutral_cw0,0.3023154897249339,0.062061938815548695,0.3023154876782656,8.456553189157477e-11,0.013560162791757766,6.114350275806684e-09,0.02454740573136196,0.44263575286396684
final__cnn_neutral_cw0__s1,final,cnn_neutral_cw0,0.3873097099880202,-0.1399248021585257,0.3873097136860107,-1.669504959159054e-10,0.01748530761574324,5.301665967705534e-09,0.003890732346945318,0.44263575286396684
final__cnn_neutral_cw0__s2,final,cnn_neutral_cw0,0.6062807158957462,0.3461468497823269,0.6062807111469513,2.2154934590192618e-10,0.027764509770490692,-2.338041111581231e-09,-0.01949121338739121,0.44263575286396684
final__cnn_neutral_cw1__s0,final,cnn_neutral_cw1,-0.03541369112130641,-0.11141068348723693,-0.03541369031806159,-3.3972576723807684e-11,-0.0014902503003593496,1.0009996314272416e-09,0.08532157855919383,0.44263575286396684
final__cnn_neutral_cw1__s1,final,cnn_neutral_cw1,0.06921809890693886,0.20809145577253904,0.06921809722249293,7.451021743366728e-11,0.0030876903449132435,5.9183220278533e-10,-0.06808161561408077,0.44263575286396684
final__cnn_neutral_cw1__s2,final,cnn_neutral_cw1,-0.15913499465944034,0.314048497718535,-0.15913499660367394,8.310191850147393e-11,-0.006884438097252075,8.356055399575755e-11,-0.0034527605091486235,0.44263575286396684
full_bench__ff5_fourier_ffn__s0,full_bench,ff5_fourier_ffn,0.9436931453326165,0.0878615073809883,0.3846493994483564,0.005763358219975147,0.027753771508905255,0.22519639569453037,0.08296887695687745,0.8209217551034704
full_bench__ff5_fourier_ffn_neutral__s0,full_bench,ff5_fourier_ffn_neutral,0.36509743042544873,-0.16250183895106113,0.3795076875182122,-0.0005456027947063067,0.016587754310626795,-0.00027291293961831603,-0.0038086339384141112,0.8209217551034704
full_bench__ff5_ou_threshold__s0,full_bench,ff5_ou_threshold,0.14930586784491856,0.21607084493931478,0.09296975076530051,0.0024122967746036997,0.004133577288170452,-0.006038056200763589,0.01635445557089518,0.8209217551034704
full_bench__ff5_reversal__s0,full_bench,ff5_reversal,0.6797292779151387,0.04373402946074916,0.6450078048825405,0.0008614026309897884,0.0375506819154091,-0.01847201147656246,0.09317395094223638,0.8209217551034704
full_bench__pca5_fourier_ffn__s0,full_bench,pca5_fourier_ffn,1.3190002832919987,0.021087773123557464,1.361979578236362,5.943648355435364e-05,0.02627684791835111,-0.1328678276945607,-0.012670282642878608,0.18270690810397344
full_bench__pca5_fourier_ffn_neutral__s0,full_bench,pca5_fourier_ffn_neutral,0.9662598133808924,-0.1279659545828523,0.969292205550887,-6.374202434058264e-05,0.026437596948996247,-0.00142507728345468,0.058025843593174586,0.18270690810397344
full_bench__pca5_ou_threshold__s0,full_bench,pca5_ou_threshold,0.6159794883579495,-0.13054413800281775,0.6178652102120618,-5.3813844048947496e-05,0.022809958008251544,-0.009928136803667591,0.0542135438253641,0.18270690810397344
full_bench__pca5_reversal__s0,full_bench,pca5_reversal,0.8286975293092571,-0.1881111640644714,0.8298590278191552,-3.352456683673276e-05,0.037875733962165356,-0.008434265746219832,0.13572026359854164,0.18270690810397344
full_paper__ff5__s0,full_paper,ff5,1.6402466066171497,0.2116008765322067,1.4993160757244428,0.0024360583721493414,0.042213114361072376,0.14661684512896042,0.03430684142623704,0.8209217551034704
full_paper__ff5__s1,full_paper,ff5,2.2590785285915724,0.593036409247223,2.080480654432769,0.004673531054980992,0.05128412053885257,0.14479558501074516,0.02239308847003593,0.8209217551034704
full_paper__pca5__s0,full_paper,pca5,2.5913504914085412,0.17804397492741011,2.599481338693011,0.00023545295049699088,0.058251483459604216,0.0521534596224464,0.05922450542920376,0.18270690810397344
full_paper__pca5__s1,full_paper,pca5,2.7338190415572754,0.28364746402638497,2.7304724610906552,0.00038723580252681333,0.058723364437490384,0.06381353815615982,0.0669042645066885,0.18270690810397344
full_paper_costs__ff5__s0,full_paper_costs,ff5,0.8479412817065367,0.16425809773207695,0.23749266652283912,0.011815345990636324,0.01675816275660873,0.5129338104939101,0.1462169281165322,0.8209217551034704
full_paper_costs__ff5__s1,full_paper_costs,ff5,0.6795546138372597,0.6710167259808958,-0.15377476212113741,0.03354499622520941,-0.007890964568653158,0.6741206384307452,0.19342960750586685,0.8209217551034704
full_paper_costs__pca5__s0,full_paper_costs,pca5,0.6068130061338657,0.141348339699477,0.6045656626001713,0.00042705163284753914,0.011173176655714843,0.7545510096252805,0.25499872669686807,0.18270690810397344
full_paper_costs__pca5__s1,full_paper_costs,pca5,0.5291268155163295,0.26611248187373987,0.5132350546343916,0.0007992362908431498,0.01116885475237399,0.7815702806666203,0.3135705396372924,0.18270690810397344
full_probe__pca5_e100__s0,full_probe,pca5_e100,5.50149137077899,0.02815806280447367,5.501491368828583,1.2207197015653895e-11,0.12263498743246272,1.3075168633728632e-08,-0.008208583828821097,1.5451196037303467
full_probe__pca5_e10__s0,full_probe,pca5_e10,3.460797528287429,-0.6069109548813543,3.4607975337741204,-1.7941292579210713e-10,0.08191290448222416,2.489197944062956e-09,0.036745006184871774,1.5451196037303467
full_probe__pca5_e30__s0,full_probe,pca5_e30,4.1774411088111,0.9272551113362801,4.177441097460207,2.406480308130395e-10,0.09379199838423088,-9.096039841930785e-09,0.01647833417799893,1.5451196037303467
full_recipe__ff5_cw0.25__s0,full_recipe,ff5_cw0.25,1.4967285052933808,0.32448889928035013,1.4967284651794872,1.1377225763787338e-09,0.04110526895165185,-5.613596439807223e-10,0.010554118256937748,0.8209217551034704
full_recipe__ff5_cw0.25__s1,full_recipe,ff5_cw0.25,1.9260658021549968,-0.08608022834906576,1.9260658184205337,-2.6054747819252975e-10,0.05180760969637396,1.1190668983389202e-09,-0.015823484333165938,0.8209217551034704
full_recipe__ff5_cw0.25__s2,full_recipe,ff5_cw0.25,1.7458437953555432,0.1593341923402964,1.7458437777704428,5.93371499273547e-10,0.048309094973380214,1.3457591574729812e-10,0.013224404360276517,0.8209217551034704
full_recipe__ff5_cw0.5__s0,full_recipe,ff5_cw0.5,0.9568013634135911,-0.35423667100295225,0.9568013821327324,-5.714464425746068e-10,0.029062175151875425,1.9868043039422145e-09,-0.03398539445227676,0.8209217551034704
full_recipe__ff5_cw0.5__s1,full_recipe,ff5_cw0.5,1.0451132901676157,-0.11517690987798315,1.0451133005799509,-2.9430319782463663e-10,0.0328732372206068,-1.3279539211618863e-09,-0.008006809778605132,0.8209217551034704
full_recipe__ff5_cw0.5__s2,full_recipe,ff5_cw0.5,0.9515074416195028,-0.3769867636001606,0.9515074694222873,-8.4304729292299e-10,0.029480806135846818,-7.443061205317364e-10,0.005214946077321698,0.8209217551034704
full_recipe__pca5_cw0.25__s0,full_recipe,pca5_cw0.25,2.6188807727747383,0.12946290902163862,2.618880772123633,2.0256164919521025e-11,0.06316221126439173,9.428419825700685e-10,0.0379701825407584,0.18270690810397344
full_recipe__pca5_cw0.25__s1,full_recipe,pca5_cw0.25,2.57365749332623,0.21273641352067996,2.5736574910675447,4.418074478438233e-11,0.06185030011474058,2.1598219992512603e-10,0.05463563846699937,0.18270690810397344
full_recipe__pca5_cw0.25__s2,full_recipe,pca5_cw0.25,2.805218917390575,0.19854507300014662,2.8052189159778664,2.992193650784517e-11,0.06695385545999923,1.5108164133866272e-09,0.053288889054091085,0.18270690810397344
full_recipe__pca5_cw0.5__s0,full_recipe,pca5_cw0.5,2.1925377245992315,-0.11262693403354337,2.1925377254611065,-1.6897810028215167e-11,0.05448571517463473,2.1587279074197426e-10,0.015159342449645742,0.18270690810397344
full_recipe__pca5_cw0.5__s1,full_recipe,pca5_cw0.5,1.861634795048181,0.42780472230117855,1.8616347924545735,7.378695384240388e-11,0.05022446012335954,-8.704424977096753e-10,0.06224669172315825,0.18270690810397344
full_recipe__pca5_cw0.5__s2,full_recipe,pca5_cw0.5,2.5871926848827766,-0.045925331239631294,2.587192685614659,-7.30924953312217e-12,0.0647194897027376,-3.407070395713708e-10,0.05773203787154144,0.18270690810397344
full_recipe__pca8_cw0.25__s0,full_recipe,pca8_cw0.25,2.554582249767708,0.41307959727107224,2.554582247119895,5.369507480875406e-11,0.058077541676156745,-5.454786023019705e-10,0.010833932523809837,0.26882578990327877
full_recipe__pca8_cw0.25__s1,full_recipe,pca8_cw0.25,2.6156136803975083,0.0361408892356607,2.6156136798072835,7.356496794121503e-12,0.06030045335305141,-4.016198376375111e-10,0.01284813855106668,0.26882578990327877
full_recipe__pca8_cw0.25__s2,full_recipe,pca8_cw0.25,2.7291939280132294,0.10233625254030239,2.729193927672375,1.1679346798926205e-11,0.06282629377557884,-6.216904452735196e-10,0.020618357475712838,0.26882578990327877
full_recipe__pca8_cw0.5__s0,full_recipe,pca8_cw0.5,1.9948976056136503,0.06644154258585082,1.9948976054257446,7.840075874614896e-12,0.0446816448549117,-5.539421510168415e-10,-0.0029418675112599653,0.26882578990327877
full_recipe__pca8_cw0.5__s1,full_recipe,pca8_cw0.5,2.1091658388015118,-0.18182657247089282,2.1091658407400597,-4.383298424868606e-11,0.05132698243536161,-2.9029218557083104e-09,0.011605742051444662,0.26882578990327877
full_recipe__pca8_cw0.5__s2,full_recipe,pca8_cw0.5,2.4215984112040294,0.4135266663952898,2.4215984090168945,5.328913328910781e-11,0.05581354002212923,-8.977728498058778e-10,0.039903987181631906,0.26882578990327877
full_smoke__pca5__s0,full_smoke,pca5,-0.4368974515520721,-0.4879233729486797,-0.43689744333300845,-2.0051429861290992e-10,-0.012076395015988553,-7.2139128519665975e-09,0.018557795503193853,2.8415873850958
lookback__l10__s0,lookback,l10,0.20309001338963237,0.4097917838712196,0.08133137915416323,0.003959216692641781,0.002460311302915248,0.8122547254413193,0.2554088206263341,0.43040340816916983
lookback__l10__s1,lookback,l10,0.20667383707453732,0.5054140682724909,0.0707192973573447,0.004460565543952831,0.002181243782463071,0.7180399541683026,0.2618193089857873,0.43040340816916983
lookback__l10__s2,lookback,l10,-0.0807982889743508,0.3994571878847285,-0.19425350462347718,0.003660389163420134,-0.0063892054625909285,0.7330142158978791,0.21161918173243408,0.43040340816916983
lookback__l20__s0,lookback,l20,-0.2872705783813938,0.4505810667214205,-0.45949237950485877,0.004306284033363797,-0.012741387676250712,0.7919543846485323,0.28485376262159445,0.4114541441798851
lookback__l20__s1,lookback,l20,0.268167870510463,0.43701146977399924,0.14680096379623025,0.003977474758070756,0.0044060983010465946,0.7058914807990514,0.2198094820685364,0.4114541441798851
lookback__l20__s2,lookback,l20,-0.2932182390663833,0.6295647483593406,-0.47744472863548815,0.005652788710599393,-0.015351844583725278,0.7215170176100799,0.2406341506423033,0.4114541441798851
lookback__l30__s0,lookback,l30,0.6271750035771678,0.49002161355101387,0.4821009253165371,0.005090043889416521,0.01211750547509579,0.8738251866547478,0.38349782030064045,0.44263575286396684
lookback__l30__s1,lookback,l30,0.3133756557807929,0.6022980260893244,0.1593853937847213,0.005297806122864554,0.005129967658005927,0.6994543399479851,0.2382565681983516,0.44263575286396684
lookback__l30__s2,lookback,l30,0.5192854273891212,0.8341558964960577,0.312349348423598,0.007211250846425855,0.010099347784182804,0.7054644477477393,0.2040727603834163,0.44263575286396684
lookback__l60__s0,lookback,l60,0.0564858317749805,0.3333463777997049,-0.06756643448743951,0.0035263543501520946,-0.0018481166859915898,0.8617455939995202,0.39040798041681113,0.3364848432446978
lookback__l60__s1,lookback,l60,0.36378609090160074,0.4011507253762038,0.24742808879816006,0.003840298821688996,0.007009372292381607,0.807772696903013,0.3209936600028342,0.3364848432446978
lookback__l60__s2,lookback,l60,0.5705299424765579,0.31979222116890255,0.4903426063742973,0.003262584044319124,0.012390181645980972,0.8396622130702563,0.39195929179716404,0.3364848432446978
models__cnn_transformer__s0,models,cnn_transformer,0.6271750035771678,0.49002161355101387,0.4821009253165371,0.005090043889416521,0.01211750547509579,0.8738251866547478,0.38349782030064045,0.44263575286396684
models__cnn_transformer__s1,models,cnn_transformer,0.3133756557807929,0.6022980260893244,0.1593853937847213,0.005297806122864554,0.005129967658005927,0.6994543399479851,0.2382565681983516,0.44263575286396684
models__cnn_transformer__s2,models,cnn_transformer,0.5192854273891212,0.8341558964960577,0.312349348423598,0.007211250846425855,0.010099347784182804,0.7054644477477393,0.2040727603834163,0.44263575286396684
models__fourier_ffn__s0,models,fourier_ffn,-0.24709879949821378,-0.07880365196537431,-0.23729389669374812,-0.0009113124630109377,-0.004698106077897682,0.44603595109528843,0.27516739714907607,0.44263575286396684
models__fourier_ffn__s1,models,fourier_ffn,0.4959567924412656,0.475073422469417,0.19572576776698106,0.005659762885488411,0.0021060979229586157,0.8296958499244154,0.598031341497794,0.44263575286396684
models__fourier_ffn__s2,models,fourier_ffn,-0.4226195122063021,-0.14735763620786602,-0.40041054841514573,-0.0016854293010741311,-0.008984861465476916,0.26046970757385407,0.25192550481262777,0.44263575286396684
models__ou_ffn__s0,models,ou_ffn,-0.1643613822058153,-0.43540432713391286,0.018411142726920165,-0.004709371003701774,0.0004252981901179347,0.4142861910645065,0.1355188065993598,0.44263575286396684
models__ou_ffn__s1,models,ou_ffn,0.5331052707960864,-0.010270760826592631,0.5964191870092554,-0.00011411833779563036,0.01583127622420365,0.5618190201631306,0.3304504090276042,0.44263575286396684
models__ou_ffn__s2,models,ou_ffn,0.8522274488890249,1.0417630545524454,0.5612514867525097,0.011500185562768576,0.018233273476589016,0.07809495828145174,-0.08947505584988269,0.44263575286396684
models__ou_threshold__s0,models,ou_threshold,-0.2602088986919144,0.13678953687051731,-0.266450102015319,0.0005919979891302667,-0.023002568071600223,0.00422892631587352,0.016818644829672186,0.44263575286396684
models__raw_ffn__s0,models,raw_ffn,-0.3748023687399772,-0.46149741440636227,-0.01115362311920215,-0.005496328184127116,-0.0001020723531104028,0.18148743041519436,0.2495401572598163,0.44263575286396684
models__raw_ffn__s1,models,raw_ffn,0.2775471463704637,0.47501706309882513,-0.39086140627368987,0.005661557974527308,-0.0022114099781618143,0.830872718833902,0.7477606613393625,0.44263575286396684
models__raw_ffn__s2,models,raw_ffn,-0.24095735215879466,-0.22212988497736982,-0.15222110490632262,-0.002637427129929594,-0.0031751673633191096,0.15587033541201195,0.1709149200566605,0.44263575286396684
models__reversal__s0,models,reversal,0.03776212333052021,-0.581341128154836,0.04733192238998161,-0.0006104099560350913,0.0030585322936677777,-0.012326727350357478,-0.08467843078190744,0.44263575286396684
neutral__cnn_transformer_neutral__s0,neutral,cnn_transformer_neutral,0.3023154897249339,0.062061938815548695,0.3023154876782656,8.456553189157477e-11,0.013560162791757766,6.114350275806684e-09,0.02454740573136196,0.44263575286396684
neutral__cnn_transformer_neutral__s1,neutral,cnn_transformer_neutral,0.3873097099880202,-0.1399248021585257,0.3873097136860107,-1.669504959159054e-10,0.01748530761574324,5.301665967705534e-09,0.003890732346945318,0.44263575286396684
neutral__cnn_transformer_neutral__s2,neutral,cnn_transformer_neutral,0.6062807158957462,0.3461468497823269,0.6062807111469513,2.2154934590192618e-10,0.027764509770490692,-2.338041111581231e-09,-0.01949121338739121,0.44263575286396684
neutral__cnn_transformer_neutral_costs__s0,neutral,cnn_transformer_neutral_costs,-0.03541369112130641,-0.11141068348723693,-0.03541369031806159,-3.3972576723807684e-11,-0.0014902503003593496,1.0009996314272416e-09,0.08532157855919383,0.44263575286396684
neutral__cnn_transformer_neutral_costs__s1,neutral,cnn_transformer_neutral_costs,0.06921809890693886,0.20809145577253904,0.06921809722249293,7.451021743366728e-11,0.0030876903449132435,5.9183220278533e-10,-0.06808161561408077,0.44263575286396684
neutral__cnn_transformer_neutral_costs__s2,neutral,cnn_transformer_neutral_costs,-0.15913499465944034,0.314048497718535,-0.15913499660367394,8.310191850147393e-11,-0.006884438097252075,8.356055399575755e-11,-0.0034527605091486235,0.44263575286396684
neutral__fourier_ffn_neutral__s0,neutral,fourier_ffn_neutral,-0.01594254620233289,-0.03392692414132324,-0.015942512577908748,-1.4754132726386326e-09,-0.0006845394046828683,-7.909189658940978e-08,-0.028460338531839758,0.44263575286396684
neutral__fourier_ffn_neutral__s1,neutral,fourier_ffn_neutral,0.04339425032624333,-0.7920854201084637,0.04339556043042892,-5.857726014487884e-08,0.0019420430668280813,-3.9641020005155146e-08,-0.05076282422432583,0.44263575286396684
neutral__fourier_ffn_neutral__s2,neutral,fourier_ffn_neutral,0.311602671234165,-0.4495381881801989,0.3395282319997804,-0.0013911763168975892,0.017277975518774562,-0.08091067783991378,-0.014098896457587266,0.44263575286396684
neutral__ou_ffn_neutral__s0,neutral,ou_ffn_neutral,0.13131563251983022,0.0634972420689531,0.1313156210049946,5.664690448486812e-10,0.006805815334364751,3.6970191071849316e-08,-0.07291014087541842,0.44263575286396684
neutral__ou_ffn_neutral__s1,neutral,ou_ffn_neutral,0.14121229853921835,-0.33787602053344823,0.14121239093922228,-4.996688061180076e-09,0.0076641803122538855,8.248865760796927e-08,0.08685897573623771,0.44263575286396684
neutral__ou_ffn_neutral__s2,neutral,ou_ffn_neutral,0.02891931079127783,0.5045914340168082,0.02891925260466375,3.3034799259675964e-09,0.0016403667814583703,1.0558783972280467e-08,-0.05188110418040422,0.44263575286396684
neutral__raw_ffn_neutral__s0,neutral,raw_ffn_neutral,-0.05128071286384393,0.25878585463383624,-0.07064175598132098,0.0011105330430660346,-0.004081784699534878,0.07282325462918729,0.08062278832885765,0.44263575286396684
neutral__raw_ffn_neutral__s1,neutral,raw_ffn_neutral,-0.28460185076129785,0.349422914586541,-0.2846026192890911,4.8252460720656944e-08,-0.01801698763985593,4.484863399520642e-07,0.029756095954121025,0.44263575286396684
neutral__raw_ffn_neutral__s2,neutral,raw_ffn_neutral,0.02714695087821932,0.6850949419986991,0.0014995510009415082,0.0015646801479907392,9.141584214278105e-05,0.08429344259470091,-0.025461490965930755,0.44263575286396684
neutral__reversal_neutral__s0,neutral,reversal_neutral,0.04835915161418614,0.19856362125217644,0.04835915102147012,3.809687131428174e-11,0.003121330928311752,5.138655030822104e-10,-0.08376843599441122,0.44263575286396684
objective__mean_variance__s0,objective,mean_variance,0.1676434659249203,0.5807678096399543,0.1230307847274105,0.002251387842458227,0.005997585684641024,0.20430221178467617,0.08474614463633577,0.44263575286396684
objective__mean_variance__s1,objective,mean_variance,0.21031062680162219,0.6334982340530064,0.15664848403886197,0.002600365943252648,0.0074195613498573,0.21655455945620466,0.03351792871818332,0.44263575286396684
objective__mean_variance__s2,objective,mean_variance,0.3460234607025162,1.1411459926845793,0.27225657434149664,0.0038403997453962074,0.014034108964208019,0.18180644045232638,0.009218206410977443,0.44263575286396684
objective__sharpe__s0,objective,sharpe,0.6271750035771678,0.49002161355101387,0.4821009253165371,0.005090043889416521,0.01211750547509579,0.8738251866547478,0.38349782030064045,0.44263575286396684
objective__sharpe__s1,objective,sharpe,0.3133756557807929,0.6022980260893244,0.1593853937847213,0.005297806122864554,0.005129967658005927,0.6994543399479851,0.2382565681983516,0.44263575286396684
objective__sharpe__s2,objective,sharpe,0.5192854273891212,0.8341558964960577,0.312349348423598,0.007211250846425855,0.010099347784182804,0.7054644477477393,0.2040727603834163,0.44263575286396684
objective__sharpe_costs__s0,objective,sharpe_costs,0.35776991135828534,0.44195561373681985,0.18190051243557634,0.005010943426884808,0.004070274728183745,0.9388859048945253,0.4909000144570037,0.44263575286396684
objective__sharpe_costs__s1,objective,sharpe_costs,0.15650128624219367,0.40433471811101135,-0.01145993836109147,0.004728785204809094,-0.00030678722080501467,0.9673524219952065,0.3325019421305107,0.44263575286396684
objective__sharpe_costs__s2,objective,sharpe_costs,0.14726316317015642,0.4428814006649308,-0.04210929193008853,0.005248146627184234,-0.0010863149179186763,0.9963415061056309,0.4079809617928325,0.44263575286396684
protocol__constant_w1000__s0,protocol,constant_w1000,0.11717996395347907,0.4305510240612485,-0.03040074794170132,0.004320656685572262,-0.0008453972720698369,0.8362176782866824,0.35261906536935744,0.44263575286396684
protocol__constant_w1000__s1,protocol,constant_w1000,0.3595512678304294,0.47058541963653905,0.20349693684281042,0.004688516788660891,0.005398250981123863,0.853303406258763,0.31680345418030137,0.44263575286396684
protocol__constant_w1000__s2,protocol,constant_w1000,0.18911383787770789,0.4367374391082971,0.052702269505533736,0.004114661855109496,0.0015057312137711529,0.7957110626497612,0.27886529496904694,0.44263575286396684
protocol__fixed_602020__s0,protocol,fixed_602020,-1.0026328039177572,-0.20301065728059925,-1.0088536031119648,-0.0028177278071065525,-0.025684860617129972,0.8848815419156786,0.4451788995154885,-0.18947415577525437
protocol__fixed_602020__s1,protocol,fixed_602020,0.16224548576560452,-0.1924808037030286,0.48963095142873664,-0.003030130552908898,0.00628214505148208,0.9921439842209143,0.7691930292045488,-0.18947415577525437
protocol__fixed_602020__s2,protocol,fixed_602020,-0.750626344122228,-0.15067382657836445,-0.7912871338169264,-0.002213662160509319,-0.016598432327960183,0.9342461717928318,0.5392699707195628,-0.18947415577525437
protocol__rolling_w1000__s0,protocol,rolling_w1000,0.6271750035771678,0.49002161355101387,0.4821009253165371,0.005090043889416521,0.01211750547509579,0.8738251866547478,0.38349782030064045,0.44263575286396684
protocol__rolling_w1000__s1,protocol,rolling_w1000,0.3133756557807929,0.6022980260893244,0.1593853937847213,0.005297806122864554,0.005129967658005927,0.6994543399479851,0.2382565681983516,0.44263575286396684
protocol__rolling_w1000__s2,protocol,rolling_w1000,0.5192854273891212,0.8341558964960577,0.312349348423598,0.007211250846425855,0.010099347784182804,0.7054644477477393,0.2040727603834163,0.44263575286396684
protocol__rolling_w500__s0,protocol,rolling_w500,0.03474520090895384,0.0831308343373636,0.00921712199403898,0.0008039046985186175,0.0002711685756461642,0.6732677729135181,0.2250003803202686,0.44263575286396684
protocol__rolling_w500__s1,protocol,rolling_w500,-0.18664059787572695,0.2525722421261734,-0.26566798262571095,0.0021988644378556203,-0.007917395141944516,0.5724704431248634,0.16629093634934905,0.44263575286396684
protocol__rolling_w500__s2,protocol,rolling_w500,0.5558454744420515,0.4739072292380537,0.44515966321145534,0.004315834732262242,0.015048059192572915,0.7242094357024212,0.20683577635741004,0.44263575286396684
protocol__rolling_w750__s0,protocol,rolling_w750,0.18587521580956465,0.5325321480374788,0.027467719220091922,0.00511262565737001,0.0008340833202643455,0.7540100964646003,0.2926077980958831,0.44263575286396684
protocol__rolling_w750__s1,protocol,rolling_w750,0.41396378765460906,0.47914895449125633,0.2918173653555411,0.004388184401252756,0.009570209161897091,0.7481387937721399,0.22685482773364365,0.44263575286396684
protocol__rolling_w750__s2,protocol,rolling_w750,0.6617914264653217,0.34098816747709765,0.5890762056167032,0.0030968624305879877,0.019751458453506208,0.7429544690345717,0.2037968205221147,0.44263575286396684
