run,days,gross_sharpe,gross_expected_max_sharpe,gross_dsr,gross_psr,net_sharpe,net_expected_max_sharpe,net_dsr,net_psr
ensemble__full_recipe-pca8_cw0.25_b1__ens,2769,2.625396402129864,1.9985497727695942,0.9824721314825929,1.0,-2.287725089790169,2.6190882348118674,3.8382262943352023e-56,1.0686856856150638e-13
ensemble__full_recipe-pca5_cw0.25_b1__ens,2769,2.5898234274730565,1.9985497727695942,0.9771372885944877,1.0,-2.3238597473258222,2.6190882348118674,1.9194343932634195e-53,2.713848463796749e-13
ensemble__full_paper-pca5_b1__ens,2769,2.525930192627745,1.9985497727695942,0.9590258774398269,1.0,-3.9547628441572082,2.6190882348118674,2.586821034678845e-88,2.7296149081296212e-33
full_recipe__pca5_cw0.25__s2,2769,2.514483401987803,1.9985497727695942,0.9627405521224963,1.0,-2.4238486728315283,2.6190882348118674,2.585555858698284e-53,8.787922036960673e-14
full_recipe__pca8_cw0.25__s2,2769,2.4546021519189183,1.9985497727695942,0.9375731870308214,0.9999999999999999,-2.4018046139339995,2.6190882348118674,2.4359200462565562e-58,7.803356622543652e-15
full_recipe__pca8_cw0.25__s0,2769,2.396553196443101,1.9985497727695942,0.9082423642748196,0.9999999999999994,-2.8576780859663558,2.6190882348118674,8.987703688743398e-69,3.6053978852486606e-20
full_paper__pca5__s1,2769,2.3745275014481444,1.9985497727695942,0.8944651710712774,0.9999999999999986,-4.351970937023979,2.6190882348118674,1.320573410830117e-95,1.5047253695923484e-38
full_recipe__pca8_cw0.25__s1,2769,2.362223392692497,1.9985497727695942,0.8895689542395127,0.9999999999999991,-2.57625425072879,2.6190882348118674,7.151275554492452e-62,1.1046368779729844e-16
full_recipe__pca5_cw0.25__s0,2769,2.3449408527006623,1.9985497727695942,0.8732504786074554,0.9999999999999947,-2.8689661200294627,2.6190882348118674,3.2631666599317664e-67,8.277129819198799e-20
full_paper__pca5__s0,2769,2.333348492585127,1.9985497727695942,0.8642387662379353,0.9999999999999909,-4.30123308239203,2.6190882348118674,4.7443484841786985e-98,3.558897218528921e-39
ensemble__full_recipe-pca8_cw0.5_b1__ens,2769,2.311105447403784,1.9985497727695942,0.8534778873818263,0.9999999999999962,-2.022296120922395,2.6190882348118674,7.237096222086895e-51,3.61068158955641e-11
full_recipe__pca5_cw0.25__s1,2769,2.298905566461279,1.9985497727695942,0.8435384748375254,0.9999999999999943,-2.7286978239777118,2.6190882348118674,2.674534898193389e-61,2.09475857702925e-17
full_recipe__pca5_cw0.5__s2,2769,2.294023171108869,1.9985497727695942,0.8431673098958307,0.9999999999999974,-1.4011706205089247,2.6190882348118674,3.7737030464546243e-38,3.6956084424922267e-06
ensemble__full_recipe-pca5_cw0.5_b1__ens,2769,2.2163118157909243,1.9985497727695942,0.7743299572837437,0.9999999999999911,-1.8191007168391298,2.6190882348118674,5.1625480573373465e-43,9.840654829032476e-09
full_paper__ff5__s1,2769,2.104350081153007,1.9985497727695942,0.640997870963489,0.9999999999996584,-3.6334127275713266,2.6190882348118674,2.7969748678362904e-77,1.8894344535212197e-27
ensemble__full_recipe-pca8_cw0.25_b3__ens,2769,2.0963265765293806,1.9985497727695942,0.6276921127841426,0.9999999999985655,-0.9783825825328295,2.6190882348118674,1.4681600220956435e-32,0.0006506736703347024
full_recipe__pca8_cw0.5__s2,2769,2.062221040395626,1.9985497727695942,0.584292850244347,0.9999999999973094,-1.655967612904746,2.6190882348118674,2.591776289870041e-44,3.526797925415642e-08
ensemble__full_paper-pca5_b3__ens,2769,2.0113697854259964,1.9985497727695942,0.5173669119177817,0.9999999999958156,-1.929261642605918,2.6190882348118674,8.635866571581783e-47,6.293876161450617e-10
ensemble__full_paper-ff5_b1__ens,2769,1.9915671232966141,1.9985497727695942,0.4904958682331821,0.9999999999946012,-3.190663171293021,2.6190882348118674,1.2273826023158173e-65,3.457343344489889e-21
ensemble__full_recipe-pca5_cw0.25_b3__ens,2769,1.9633302844198304,1.9985497727695942,0.4523670513179041,0.9999999999873664,-1.18271044183452,2.6190882348118674,9.75928431787249e-35,7.030448530844745e-05
full_recipe__pca5_cw0.5__s0,2769,1.8584944692324499,1.9985497727695942,0.3175546644776348,0.9999999998483824,-1.9815169583748808,2.6190882348118674,1.912386991365217e-47,2.629350724614875e-10
full_recipe__pca8_cw0.5__s1,2769,1.801875908248132,1.9985497727695942,0.2553884737498737,0.9999999991545773,-1.581020312225188,2.6190882348118674,6.3166303003123344e-43,1.2953288390906334e-07
ensemble__full_recipe-ff5_cw0.25_b1__ens,2769,1.7884300934990247,1.9985497727695942,0.23753088061153205,0.9999999993971206,-2.5156357674816516,2.6190882348118674,1.4931478427849368e-55,8.555172642053547e-15
ensemble__full_recipe-pca8_cw0.25_b5__ens,2769,1.7768370734594494,1.9985497727695942,0.22875150450984805,0.9999999986934665,-0.5601961432988899,2.6190882348118674,5.701616866296043e-26,0.0324827423917657
full_recipe__ff5_cw0.25__s1,2769,1.734473274275363,1.9985497727695942,0.18382977549857582,0.9999999983601919,-2.5106129508630493,2.6190882348118674,5.540479591683805e-56,7.149674445243019e-15
ensemble__full_recipe-pca5_cw0.25_b5__ens,2769,1.7144887469770211,1.9985497727695942,0.1690337178409269,0.9999999963109271,-0.7338807266746374,2.6190882348118674,2.7255481836041173e-28,0.008184048608158816
full_recipe__pca8_cw0.5__s0,2769,1.7053488654529474,1.9985497727695942,0.1631421378650052,0.9999999943327229,-2.2888562701628827,2.6190882348118674,8.963393556131659e-57,7.643499956893697e-14
ensemble__full_paper-pca5_b5__ens,2769,1.7028806943593853,1.9985497727695942,0.15840868654677137,0.9999999959240269,-1.3392430225195602,2.6190882348118674,2.027215110889306e-37,8.280254440503643e-06
ensemble__full_recipe-pca8_cw0.5_b3__ens,2769,1.6583381451901373,1.9985497727695942,0.12788844433947177,0.9999999848285814,-1.154456780537109,2.6190882348118674,2.072347136430188e-35,7.770506595044248e-05
ensemble__full_recipe-pca5_cw0.5_b3__ens,2769,1.5639259689590146,1.9985497727695942,0.06957746793898414,0.999999948614249,-1.1240398551497346,2.6190882348118674,1.64967970574496e-33,0.00015585357145275698
full_recipe__pca5_cw0.5__s1,2769,1.524912381176321,1.9985497727695942,0.05113158008717207,0.9999999282553104,-1.732055130267763,2.6190882348118674,7.551591754051388e-41,5.571909285732067e-08
full_paper__ff5__s0,2769,1.510005819659533,1.9985497727695942,0.0514267910594612,0.9999997692691279,-3.736109180346665,2.6190882348118674,6.019000104522932e-80,5.651866933933378e-29
full_recipe__ff5_cw0.25__s2,2769,1.4941112248366124,1.9985497727695942,0.044601473381029384,0.9999997600078385,-2.8237239819746645,2.6190882348118674,1.0513532989383088e-62,2.590963279567587e-18
ensemble__full_paper-ff5_b3__ens,2769,1.424714887718211,1.9985497727695942,0.02583635510151347,0.9999993212645434,-1.5617969617820633,2.6190882348118674,2.0340696404262544e-40,3.662803234339291e-07
ensemble__full_recipe-pca8_cw0.25_b20__ens,2769,1.3901327038380284,1.9985497727695942,0.02099854261455709,0.9999983104916806,0.05219024645676555,2.6190882348118674,8.619977575313774e-18,0.5686925432619179
ensemble__full_recipe-pca8_cw0.25_b10__ens,2769,1.3731050800494913,1.9985497727695942,0.018492911413787026,0.9999976689164299,-0.35318275471503874,2.6190882348118674,4.4496775171005935e-23,0.12154203147029413
ensemble__full_recipe-pca5_cw0.5_b5__ens,2769,1.349837243669701,1.9985497727695942,0.0144729856710639,0.9999972521348123,-0.7897707791331541,2.6190882348118674,4.618305846219784e-29,0.004968710891497627
full_recipe__ff5_cw0.25__s0,2769,1.3375435680852266,1.9985497727695942,0.014410204023331112,0.9999951381924305,-3.06733869146875,2.6190882348118674,6.76017271563793e-73,1.2345288907473906e-22
ensemble__full_recipe-pca8_cw0.5_b5__ens,2769,1.2858831471784031,1.9985497727695942,0.008419487821005024,0.999991936705808,-0.9023947588812334,2.6190882348118674,4.6815965291368155e-31,0.0015659039529684804
ensemble__full_recipe-pca5_cw0.25_b10__ens,2769,1.2768563490911866,1.9985497727695942,0.00788138464227409,0.9999902967403559,-0.5268850646499592,2.6190882348118674,1.855425387975311e-25,0.04134064377717544
ensemble__full_recipe-ff5_cw0.25_b3__ens,2769,1.2261332306759918,1.9985497727695942,0.004188041768782818,0.9999857549899325,-1.481165958624934,2.6190882348118674,5.813056613864329e-38,1.7979016322445888e-06
ensemble__full_paper-pca5_b10__ens,2769,1.189795548620778,1.9985497727695942,0.003303009711008161,0.9999677549116025,-1.0707564302954007,2.6190882348118674,1.6198545649552453e-33,0.0002465310766498952
ensemble__full_paper-ff5_b5__ens,2769,1.1386081147165945,1.9985497727695942,0.0018341400725764682,0.9999401776880152,-1.1392495348388914,2.6190882348118674,5.0523343366132005e-34,0.00012178735691119838
full_bench__pca5_fourier_ffn__s0,2769,1.0138188152338006,1.9985497727695942,0.000506352023931924,0.9996428970381137,-2.686593150704497,2.6190882348118674,4.221730259677942e-65,3.739373317864891e-18
ensemble__full_recipe-ff5_cw0.25_b5__ens,2769,1.0121268002320436,1.9985497727695942,0.00040733344883162216,0.9997037204222537,-1.1514449884858424,2.6190882348118674,1.201721168105758e-33,0.0001191928111662781
ensemble__full_recipe-pca5_cw0.5_b10__ens,2769,0.9650222160673358,1.9985497727695942,0.00029294855607732466,0.9993367297279514,-0.6212673120159504,2.6190882348118674,6.0607724958850214e-27,0.020261210142238823
ensemble__full_recipe-ff5_cw0.5_b1__ens,2769,0.9575377001289876,1.9985497727695942,0.00025742038149667926,0.9992994768960322,-2.026191153817023,2.6190882348118674,2.6082309841988656e-50,4.415201021083564e-11
ensemble__full_recipe-pca8_cw0.5_b20__ens,2769,0.9545630204035829,1.9985497727695942,0.00024488440553891105,0.9992828764317412,-0.3331075438383269,2.6190882348118674,9.21760409172069e-23,0.13563621367317563
ensemble__full_recipe-pca5_cw0.25_b20__ens,2769,0.9459583539483686,1.9985497727695942,0.00023163977321159497,0.9991736790678515,-0.4563470140709634,2.6190882348118674,1.536883739211595e-24,0.0658808872562915
ensemble__full_paper-pca5_b20__ens,2769,0.9190992841184835,1.9985497727695942,0.00016103417718386654,0.9989027358787368,-0.8828586128177852,2.6190882348118674,6.82769056952585e-31,0.0018750220995877402
ensemble__full_recipe-pca8_cw0.5_b10__ens,2769,0.9089367478087597,1.9985497727695942,0.00013806587705297735,0.9987920886551822,-0.7406924655892029,2.6190882348118674,1.1603973972321782e-28,0.007447163768464301
full_bench__pca5_ou_threshold__s0,2769,0.8662950887852717,1.9985497727695942,7.125348767332234e-05,0.9981945481351066,-2.683353344604339,2.6190882348118674,4.875458734907975e-60,7.976238938606595e-17
full_bench__pca5_reversal__s0,2769,0.8108234327795656,1.9985497727695942,2.8037779368803777e-05,0.9970229374299306,-0.11683957003058636,2.6190882348118674,8.451365833126784e-20,0.3498577482142191
full_bench__pca5_fourier_ffn_neutral__s0,2769,0.7505979435540325,1.9985497727695942,5.84819182601386e-06,0.99580946068572,-2.7079155335896012,2.6190882348118674,8.24895120368352e-36,1.2902285001236065e-10
full_recipe__ff5_cw0.5__s1,2769,0.7363972382639984,1.9985497727695942,9.769112679485985e-06,0.9936374731778562,-1.4880032589966734,2.6190882348118674,3.1103671253347886e-38,1.545793920125095e-06
ensemble__full_recipe-ff5_cw0.5_b3__ens,2769,0.6901751339162802,1.9985497727695942,6.295999260318849e-06,0.9893790899841762,-1.272818538817388,2.6190882348118674,9.359703374574804e-37,1.8630487662155825e-05
full_recipe__ff5_cw0.5__s0,2769,0.6449788990706395,1.9985497727695942,3.824819613330212e-06,0.9835061130138143,-1.7817211186716964,2.6190882348118674,6.381041422215982e-48,2.191432087149591e-09
full_bench__ff5_fourier_ffn__s0,2769,0.6203235005941982,1.9985497727695942,2.060000381443698e-06,0.980902800745699,-1.809286697741124,2.6190882348118674,5.2601311667612066e-45,4.982059402347829e-09
ensemble__full_paper_costs-ff5_b1__ens,2769,0.6018991930224507,1.9985497727695942,1.3991350209070173e-06,0.9782608083653983,-0.26627013312385844,2.6190882348118674,1.148772433076931e-21,0.19056364891271027
ensemble__full_recipe-pca5_cw0.5_b20__ens,2769,0.5924092202249696,1.9985497727695942,1.6235007869201697e-06,0.975058519583775,-0.6425048946412654,2.6190882348118674,1.8873314161116708e-27,0.016758501892023193
full_recipe__ff5_cw0.5__s2,2769,0.5616992553991931,1.9985497727695942,8.899080491446757e-07,0.9690785708119204,-1.6802297389664904,2.6190882348118674,7.67011223423068e-45,2.22710252400395e-08
ensemble__full_paper-ff5_b10__ens,2769,0.5597905386976666,1.9985497727695942,7.553016688796141e-07,0.9693552714394108,-1.0551457818298462,2.6190882348118674,5.034954108792576e-33,0.00031167836202402417
ensemble__full_recipe-ff5_cw0.5_b5__ens,2769,0.5448011217360214,1.9985497727695942,6.216932770054639e-07,0.9653945493025782,-1.0457721312977313,2.6190882348118674,4.605934675837612e-33,0.00033491425887750755
full_bench__ff5_reversal__s0,2769,0.5414254082267382,1.9985497727695942,5.299337419275152e-07,0.965109977657848,-0.1988822303831495,2.6190882348118674,7.178454165032816e-21,0.2558491686470721
full_paper_costs__ff5__s0,2769,0.5244143100544579,1.9985497727695942,4.510219606594152e-07,0.9597136076593555,-0.029199017247157583,2.6190882348118674,8.638420154311768e-19,0.461467874497924
ensemble__full_paper_costs-ff5_b3__ens,2769,0.4934164341953623,1.9985497727695942,2.3894625684538195e-07,0.9505878254381582,-0.10023441961991002,2.6190882348118674,1.2327153951649349e-19,0.3701774905446961
ensemble__full_paper_costs-ff5_b5__ens,2769,0.4566126514933958,1.9985497727695942,1.2766186917603825e-07,0.936517105719728,-0.02971362937614121,2.6190882348118674,8.716627110919924e-19,0.4608030556264928
ensemble__full_paper_costs-ff5_b10__ens,2769,0.42293005652235427,1.9985497727695942,6.857056713747643e-08,0.9213663651889191,0.05225493379443825,2.6190882348118674,8.121541452141132e-18,0.568833777103252
ensemble__full_recipe-ff5_cw0.25_b10__ens,2769,0.4049139891861108,1.9985497727695942,5.28429555605173e-08,0.9116312183593709,-1.2055357426840199,2.6190882348118674,2.508640946778455e-35,4.970726097568527e-05
full_bench__ff5_ou_threshold__s0,2769,0.401928416330307,1.9985497727695942,5.708059296841577e-08,0.9090391210224158,-2.611097255232641,2.6190882348118674,9.97993720427317e-63,4.227002354845725e-17
ensemble__full_paper_costs-ff5_b20__ens,2769,0.389645465489038,1.9985497727695942,3.815485201879325e-08,0.9035207340017353,0.10599312936444424,2.6190882348118674,3.431487886957796e-17,0.6376354873767104
full_paper_costs__ff5__s1,2769,0.3194117836285783,1.9985497727695942,9.014450523609742e-09,0.8579028720285813,-0.10849277812910774,2.6190882348118674,1.1274989161980824e-19,0.3601754287110096
ensemble__full_paper-ff5_b20__ens,2769,0.21621632023809204,1.9985497727695942,1.6143504984252513e-09,0.7636529725277703,-0.913175082824121,2.6190882348118674,2.9204359505634473e-31,0.0013896376915108844
ensemble__full_recipe-ff5_cw0.5_b10__ens,2769,0.19804735396340248,1.9985497727695942,1.1587982468465867e-09,0.7444397915046749,-0.9870658007507993,2.6190882348118674,1.2276415449912228e-32,0.0005965587572964482
full_bench__ff5_fourier_ffn_neutral__s0,2769,0.08371950428281046,1.9985497727695942,1.1366453026135682e-10,0.6092124279694883,-2.1881557204148616,2.6190882348118674,4.522634482315038e-47,3.1386518220358796e-11
full_paper_costs__pca5__s1,2769,0.07946578390756003,1.9985497727695942,9.21530354833697e-11,0.6040833620985988,-0.9532245513914879,2.6190882348118674,8.707373047513118e-31,0.0010985098743931728
ensemble__full_paper_costs-pca5_b1__ens,2769,0.057038455214945126,1.9985497727695942,6.287113547750777e-11,0.5749412852983531,-1.3633449002729696,2.6190882348118674,2.048677830810073e-40,2.833098369323898e-06
ensemble__full_recipe-ff5_cw0.25_b20__ens,2769,0.024984891973960137,1.9985497727695942,3.032169788775233e-11,0.533003492400749,-1.2311411195257127,2.6190882348118674,1.3613779235134222e-36,2.8788019435585766e-05
full_paper_costs__pca5__s0,2769,-0.02124663543860113,1.9985497727695942,1.068693655386669e-11,0.471921779916172,-1.348003003790896,2.6190882348118674,4.790424411074607e-41,2.790818677801538e-06
ensemble__full_paper_costs-pca5_b5__ens,2769,-0.051423830270139574,1.9985497727695942,5.3090742902205564e-12,0.4322985483809675,-0.8056527600582127,2.6190882348118674,1.3409261718332307e-30,0.003563282442479634
ensemble__full_paper_costs-pca5_b10__ens,2769,-0.06855483007911353,1.9985497727695942,3.509307051960412e-12,0.4100488791322743,-0.6122562688526854,2.6190882348118674,1.803813460878161e-27,0.020402633725816827
ensemble__full_recipe-ff5_cw0.5_b20__ens,2769,-0.0742842400851549,1.9985497727695942,3.188374705035084e-12,0.4027500893639221,-0.9820456954443193,2.6190882348118674,4.422587221613772e-33,0.0005733752228756136
ensemble__full_paper_costs-pca5_b3__ens,2769,-0.09941708535190838,1.9985497727695942,1.7050898431749643e-12,0.3707750388786718,-1.0486638356372815,2.6190882348118674,8.047360173712805e-35,0.00022963858989010258
ensemble__full_paper_costs-pca5_b20__ens,2769,-0.19990151491041508,1.9985497727695942,1.32338024292514e-13,0.2530893892676186,-0.585812497470199,2.6190882348118674,3.725267941162209e-27,0.024934178157796437
