base,other,smoothing_days,year,base_sharpe,other_sharpe
full_paper__ff5,full_paper_costs__ff5,1,2003,2.6321684070162266,2.2332538157798374
full_paper__ff5,full_paper_costs__ff5,1,2004,3.2363256377559235,3.5372925929620935
full_paper__ff5,full_paper_costs__ff5,1,2005,2.0503669481134925,1.9723712456647537
full_paper__ff5,full_paper_costs__ff5,1,2006,2.391929060373943,-0.8956053292787757
full_paper__ff5,full_paper_costs__ff5,1,2007,0.9654151911026723,1.639668979745993
full_paper__ff5,full_paper_costs__ff5,1,2008,3.203912676745512,0.1263961442665529
full_paper__ff5,full_paper_costs__ff5,1,2009,1.527823221948266,1.9899804350654575
full_paper__ff5,full_paper_costs__ff5,1,2010,2.5060346695815103,2.6591056146831935
full_paper__ff5,full_paper_costs__ff5,1,2011,1.1584729894031465,-0.7059115339091947
full_paper__ff5,full_paper_costs__ff5,1,2012,2.396461357044033,1.081812997644585
full_paper__ff5,full_paper_costs__ff5,1,2013,2.428895297918807,0.6049320253732084
full_paper__ff5,full_paper_costs__ff5,1,2014,2.9847224680778086,-0.6469348627341649
full_paper__ff5,full_paper_costs__ff5,1,2015,1.4174924380875376,0.8998543558419237
full_paper__ff5,full_paper_costs__ff5,1,2016,1.8051999582163611,0.7504284026163522
full_paper__ff5,full_paper_costs__ff5,5,2003,1.1944831202630395,0.6710918030526756
full_paper__ff5,full_paper_costs__ff5,5,2004,3.5361423558468212,2.866245269466005
full_paper__ff5,full_paper_costs__ff5,5,2005,3.795755572817007,1.9417499742245372
full_paper__ff5,full_paper_costs__ff5,5,2006,1.1732191052467416,-0.9434296825316049
full_paper__ff5,full_paper_costs__ff5,5,2007,0.9724829153631861,0.7407653646995006
full_paper__ff5,full_paper_costs__ff5,5,2008,2.148375742931487,-0.24316499600062946
full_paper__ff5,full_paper_costs__ff5,5,2009,0.950167103467445,2.0322782479056714
full_paper__ff5,full_paper_costs__ff5,5,2010,1.2688058350509452,2.502776830863853
full_paper__ff5,full_paper_costs__ff5,5,2011,-0.01130312637526459,-1.4282800118191514
full_paper__ff5,full_paper_costs__ff5,5,2012,1.0465089888188805,1.072315745664765
full_paper__ff5,full_paper_costs__ff5,5,2013,1.8360041116564243,1.36839436791342
full_paper__ff5,full_paper_costs__ff5,5,2014,1.4036441993327364,-0.7989834327334451
full_paper__ff5,full_paper_costs__ff5,5,2015,1.0384101715959293,0.6706428139075493
full_paper__ff5,full_paper_costs__ff5,5,2016,1.1449884875953107,0.8577021059399667
full_paper__ff5,full_paper_costs__ff5,20,2003,1.195171969866279,1.0530863122259322
full_paper__ff5,full_paper_costs__ff5,20,2004,1.9554636097547011,1.824475243308399
full_paper__ff5,full_paper_costs__ff5,20,2005,1.2779658678361752,1.5869954965185058
full_paper__ff5,full_paper_costs__ff5,20,2006,-0.18106248480131087,-0.90036428101836
full_paper__ff5,full_paper_costs__ff5,20,2007,-0.9392150384784627,0.2669441546190442
full_paper__ff5,full_paper_costs__ff5,20,2008,0.21260050266412556,-0.38666232319049126
full_paper__ff5,full_paper_costs__ff5,20,2009,1.9972038437207125,2.593770130266961
full_paper__ff5,full_paper_costs__ff5,20,2010,-1.2736987036088137,2.4703336748969753
full_paper__ff5,full_paper_costs__ff5,20,2011,-0.3063661917245064,-1.0968256267065748
full_paper__ff5,full_paper_costs__ff5,20,2012,0.9871426218515432,0.6516110241072128
full_paper__ff5,full_paper_costs__ff5,20,2013,0.8681955050727355,0.07754831243015686
full_paper__ff5,full_paper_costs__ff5,20,2014,-0.31280873824882366,-0.6006777764635566
full_paper__ff5,full_paper_costs__ff5,20,2015,0.2661978832010674,0.6228677864619897
full_paper__ff5,full_paper_costs__ff5,20,2016,0.367939227985696,0.6462365854166442
full_paper__pca5,full_paper_costs__pca5,1,2003,5.567805396970223,5.1644716061842635
full_paper__pca5,full_paper_costs__pca5,1,2004,4.393983055082889,3.3519375384950756
full_paper__pca5,full_paper_costs__pca5,1,2005,3.3399585340886704,2.285551810811568
full_paper__pca5,full_paper_costs__pca5,1,2006,5.386259787118238,0.6285495550997834
full_paper__pca5,full_paper_costs__pca5,1,2007,1.5295916310835285,-1.073186770133286
full_paper__pca5,full_paper_costs__pca5,1,2008,5.432335222185776,1.0159129601635606
full_paper__pca5,full_paper_costs__pca5,1,2009,2.235264030400901,-0.5863210271177454
full_paper__pca5,full_paper_costs__pca5,1,2010,3.0981806740060645,2.061819159009877
full_paper__pca5,full_paper_costs__pca5,1,2011,3.6682367408679055,-1.2402808375484722
full_paper__pca5,full_paper_costs__pca5,1,2012,2.662770754130043,-1.5476592892086496
full_paper__pca5,full_paper_costs__pca5,1,2013,1.204472887004865,-0.7126433728503361
full_paper__pca5,full_paper_costs__pca5,1,2014,0.8448614027245598,0.9374339240336769
full_paper__pca5,full_paper_costs__pca5,1,2015,0.3106345139583851,1.5511353635837741
full_paper__pca5,full_paper_costs__pca5,1,2016,0.44580382786106765,0.4229816333474209
full_paper__pca5,full_paper_costs__pca5,5,2003,3.656914869265709,3.1769099308007074
full_paper__pca5,full_paper_costs__pca5,5,2004,3.104476689430238,2.190628398353053
full_paper__pca5,full_paper_costs__pca5,5,2005,2.8243050252203306,1.7846315710635703
full_paper__pca5,full_paper_costs__pca5,5,2006,2.2628201364077274,-0.16910435839532564
full_paper__pca5,full_paper_costs__pca5,5,2007,1.8068168065103551,-1.3290367810952117
full_paper__pca5,full_paper_costs__pca5,5,2008,4.923016192019663,0.13837760450115513
full_paper__pca5,full_paper_costs__pca5,5,2009,0.592679190595763,-0.4059436402429907
full_paper__pca5,full_paper_costs__pca5,5,2010,1.2307347284837438,2.0326719269480074
full_paper__pca5,full_paper_costs__pca5,5,2011,2.300175405343585,-0.974988749707836
full_paper__pca5,full_paper_costs__pca5,5,2012,2.169652369491075,-1.7315091081952396
full_paper__pca5,full_paper_costs__pca5,5,2013,0.44704749833354634,-0.17843881331702482
full_paper__pca5,full_paper_costs__pca5,5,2014,0.9535193896887207,0.8735031887841442
full_paper__pca5,full_paper_costs__pca5,5,2015,0.010726986136945164,1.6008090350520825
full_paper__pca5,full_paper_costs__pca5,5,2016,0.8846863739450441,0.054116051126328044
full_paper__pca5,full_paper_costs__pca5,20,2003,2.530869547511646,2.3554619587422234
full_paper__pca5,full_paper_costs__pca5,20,2004,2.5263162967654327,1.675373053665584
full_paper__pca5,full_paper_costs__pca5,20,2005,1.5435428431386984,1.3646720389393496
full_paper__pca5,full_paper_costs__pca5,20,2006,0.7717162754197338,-0.6115077119503308
full_paper__pca5,full_paper_costs__pca5,20,2007,-0.11826188035500686,-1.4302486567571513
full_paper__pca5,full_paper_costs__pca5,20,2008,3.1798105917106145,-0.4720430670622271
full_paper__pca5,full_paper_costs__pca5,20,2009,-0.6831038286885143,0.4372484798526412
full_paper__pca5,full_paper_costs__pca5,20,2010,-0.162793009834802,1.0556962991412224
full_paper__pca5,full_paper_costs__pca5,20,2011,1.4227592867644911,-0.22600450329963975
full_paper__pca5,full_paper_costs__pca5,20,2012,1.6627883102251562,-1.951274307589578
full_paper__pca5,full_paper_costs__pca5,20,2013,1.048821998792139,0.44685608567872415
full_paper__pca5,full_paper_costs__pca5,20,2014,0.9432713634324381,0.688148950065197
full_paper__pca5,full_paper_costs__pca5,20,2015,-0.5787737304038274,0.6782448817337223
full_paper__pca5,full_paper_costs__pca5,20,2016,1.7628420170856522,-1.0481897160814748
full_paper__ff5,full_recipe__ff5_cw0.25,1,2003,2.6321684070162266,2.536529954417008
full_paper__ff5,full_recipe__ff5_cw0.25,1,2004,3.2363256377559235,3.542151826525614
full_paper__ff5,full_recipe__ff5_cw0.25,1,2005,2.0503669481134925,1.7550199520410057
full_paper__ff5,full_recipe__ff5_cw0.25,1,2006,2.391929060373943,2.4874233479952883
full_paper__ff5,full_recipe__ff5_cw0.25,1,2007,0.9654151911026723,1.5468913396873665
full_paper__ff5,full_recipe__ff5_cw0.25,1,2008,3.203912676745512,2.8105871282506545
full_paper__ff5,full_recipe__ff5_cw0.25,1,2009,1.527823221948266,1.2190169735820093
full_paper__ff5,full_recipe__ff5_cw0.25,1,2010,2.5060346695815103,2.389643123895228
full_paper__ff5,full_recipe__ff5_cw0.25,1,2011,1.1584729894031465,0.7226542370548119
full_paper__ff5,full_recipe__ff5_cw0.25,1,2012,2.396461357044033,2.2801522313862717
full_paper__ff5,full_recipe__ff5_cw0.25,1,2013,2.428895297918807,1.9876805451923967
full_paper__ff5,full_recipe__ff5_cw0.25,1,2014,2.9847224680778086,1.7944834627915462
full_paper__ff5,full_recipe__ff5_cw0.25,1,2015,1.4174924380875376,1.7112795445674749
full_paper__ff5,full_recipe__ff5_cw0.25,1,2016,1.8051999582163611,0.4255652815785215
full_paper__ff5,full_recipe__ff5_cw0.25,5,2003,1.1944831202630395,1.0117898476815301
full_paper__ff5,full_recipe__ff5_cw0.25,5,2004,3.5361423558468212,3.683071916653361
full_paper__ff5,full_recipe__ff5_cw0.25,5,2005,3.795755572817007,3.430312302046035
full_paper__ff5,full_recipe__ff5_cw0.25,5,2006,1.1732191052467416,1.5748257000683492
full_paper__ff5,full_recipe__ff5_cw0.25,5,2007,0.9724829153631861,0.7999435884131713
full_paper__ff5,full_recipe__ff5_cw0.25,5,2008,2.148375742931487,2.1141281949629627
full_paper__ff5,full_recipe__ff5_cw0.25,5,2009,0.950167103467445,0.2625416049689746
full_paper__ff5,full_recipe__ff5_cw0.25,5,2010,1.2688058350509452,0.9934905320162345
full_paper__ff5,full_recipe__ff5_cw0.25,5,2011,-0.01130312637526459,0.02328744848656174
full_paper__ff5,full_recipe__ff5_cw0.25,5,2012,1.0465089888188805,0.7135144428613525
full_paper__ff5,full_recipe__ff5_cw0.25,5,2013,1.8360041116564243,1.7832007077168277
full_paper__ff5,full_recipe__ff5_cw0.25,5,2014,1.4036441993327364,0.18035852589077653
full_paper__ff5,full_recipe__ff5_cw0.25,5,2015,1.0384101715959293,1.50883890003311
full_paper__ff5,full_recipe__ff5_cw0.25,5,2016,1.1449884875953107,0.5036848673286881
full_paper__ff5,full_recipe__ff5_cw0.25,20,2003,1.195171969866279,1.2345424171619295
full_paper__ff5,full_recipe__ff5_cw0.25,20,2004,1.9554636097547011,1.4143610888737215
full_paper__ff5,full_recipe__ff5_cw0.25,20,2005,1.2779658678361752,0.7688422182472849
full_paper__ff5,full_recipe__ff5_cw0.25,20,2006,-0.18106248480131087,-0.005253960898979664
full_paper__ff5,full_recipe__ff5_cw0.25,20,2007,-0.9392150384784627,-1.129932448818805
full_paper__ff5,full_recipe__ff5_cw0.25,20,2008,0.21260050266412556,0.570266919089691
full_paper__ff5,full_recipe__ff5_cw0.25,20,2009,1.9972038437207125,0.9378504754436973
full_paper__ff5,full_recipe__ff5_cw0.25,20,2010,-1.2736987036088137,-0.8180776658259644
full_paper__ff5,full_recipe__ff5_cw0.25,20,2011,-0.3063661917245064,-1.4563339029594238
full_paper__ff5,full_recipe__ff5_cw0.25,20,2012,0.9871426218515432,0.8502039078687623
full_paper__ff5,full_recipe__ff5_cw0.25,20,2013,0.8681955050727355,1.1349642222813652
full_paper__ff5,full_recipe__ff5_cw0.25,20,2014,-0.31280873824882366,-1.150909310122659
full_paper__ff5,full_recipe__ff5_cw0.25,20,2015,0.2661978832010674,1.4171085448656267
full_paper__ff5,full_recipe__ff5_cw0.25,20,2016,0.367939227985696,-0.08081930664338757
full_paper__ff5,full_recipe__ff5_cw0.5,1,2003,2.6321684070162266,2.2465154920047086
full_paper__ff5,full_recipe__ff5_cw0.5,1,2004,3.2363256377559235,3.8248092288917994
full_paper__ff5,full_recipe__ff5_cw0.5,1,2005,2.0503669481134925,1.9781807578015391
full_paper__ff5,full_recipe__ff5_cw0.5,1,2006,2.391929060373943,2.1986865451861624
full_paper__ff5,full_recipe__ff5_cw0.5,1,2007,0.9654151911026723,1.0488303968778778
full_paper__ff5,full_recipe__ff5_cw0.5,1,2008,3.203912676745512,3.0990595093145847
full_paper__ff5,full_recipe__ff5_cw0.5,1,2009,1.527823221948266,-0.508887358079634
full_paper__ff5,full_recipe__ff5_cw0.5,1,2010,2.5060346695815103,2.6761431015172765
full_paper__ff5,full_recipe__ff5_cw0.5,1,2011,1.1584729894031465,0.5721905026034189
full_paper__ff5,full_recipe__ff5_cw0.5,1,2012,2.396461357044033,0.8065318697350427
full_paper__ff5,full_recipe__ff5_cw0.5,1,2013,2.428895297918807,0.41700092292292384
full_paper__ff5,full_recipe__ff5_cw0.5,1,2014,2.9847224680778086,1.5847940002046188
full_paper__ff5,full_recipe__ff5_cw0.5,1,2015,1.4174924380875376,1.14716657810518
full_paper__ff5,full_recipe__ff5_cw0.5,1,2016,1.8051999582163611,-0.3015151777413107
full_paper__ff5,full_recipe__ff5_cw0.5,5,2003,1.1944831202630395,0.5897332459066406
full_paper__ff5,full_recipe__ff5_cw0.5,5,2004,3.5361423558468212,3.651821459316892
full_paper__ff5,full_recipe__ff5_cw0.5,5,2005,3.795755572817007,3.25602087681955
full_paper__ff5,full_recipe__ff5_cw0.5,5,2006,1.1732191052467416,1.5351061537729354
full_paper__ff5,full_recipe__ff5_cw0.5,5,2007,0.9724829153631861,-0.13186831216316566
full_paper__ff5,full_recipe__ff5_cw0.5,5,2008,2.148375742931487,2.665448834682745
full_paper__ff5,full_recipe__ff5_cw0.5,5,2009,0.950167103467445,-0.8561732124586222
full_paper__ff5,full_recipe__ff5_cw0.5,5,2010,1.2688058350509452,2.298213176016165
full_paper__ff5,full_recipe__ff5_cw0.5,5,2011,-0.01130312637526459,0.3102741030511531
full_paper__ff5,full_recipe__ff5_cw0.5,5,2012,1.0465089888188805,-0.3731924458376648
full_paper__ff5,full_recipe__ff5_cw0.5,5,2013,1.8360041116564243,0.9620891727183677
full_paper__ff5,full_recipe__ff5_cw0.5,5,2014,1.4036441993327364,0.5690042941827265
full_paper__ff5,full_recipe__ff5_cw0.5,5,2015,1.0384101715959293,1.6162485607222097
full_paper__ff5,full_recipe__ff5_cw0.5,5,2016,1.1449884875953107,-0.34370556109903927
full_paper__ff5,full_recipe__ff5_cw0.5,20,2003,1.195171969866279,0.9310157371957452
full_paper__ff5,full_recipe__ff5_cw0.5,20,2004,1.9554636097547011,1.3237619800159524
full_paper__ff5,full_recipe__ff5_cw0.5,20,2005,1.2779658678361752,0.9689159683295513
full_paper__ff5,full_recipe__ff5_cw0.5,20,2006,-0.18106248480131087,0.5280505058025391
full_paper__ff5,full_recipe__ff5_cw0.5,20,2007,-0.9392150384784627,-1.480487780075485
full_paper__ff5,full_recipe__ff5_cw0.5,20,2008,0.21260050266412556,2.0929789619272703
full_paper__ff5,full_recipe__ff5_cw0.5,20,2009,1.9972038437207125,-0.05513480069339947
full_paper__ff5,full_recipe__ff5_cw0.5,20,2010,-1.2736987036088137,-0.007268146691405137
full_paper__ff5,full_recipe__ff5_cw0.5,20,2011,-0.3063661917245064,-0.9823286764458706
full_paper__ff5,full_recipe__ff5_cw0.5,20,2012,0.9871426218515432,-0.27810074133945617
full_paper__ff5,full_recipe__ff5_cw0.5,20,2013,0.8681955050727355,1.6051567844989016
full_paper__ff5,full_recipe__ff5_cw0.5,20,2014,-0.31280873824882366,0.5436158317154329
full_paper__ff5,full_recipe__ff5_cw0.5,20,2015,0.2661978832010674,0.8174712770508427
full_paper__ff5,full_recipe__ff5_cw0.5,20,2016,0.367939227985696,-0.1398796077206043
full_paper__pca5,full_recipe__pca5_cw0.25,1,2003,5.567805396970223,4.8690461327631365
full_paper__pca5,full_recipe__pca5_cw0.25,1,2004,4.393983055082889,4.0974103961236255
full_paper__pca5,full_recipe__pca5_cw0.25,1,2005,3.3399585340886704,3.531832409661566
full_paper__pca5,full_recipe__pca5_cw0.25,1,2006,5.386259787118238,5.588956365637849
full_paper__pca5,full_recipe__pca5_cw0.25,1,2007,1.5295916310835285,2.1605603584944064
full_paper__pca5,full_recipe__pca5_cw0.25,1,2008,5.432335222185776,5.15526846653154
full_paper__pca5,full_recipe__pca5_cw0.25,1,2009,2.235264030400901,2.0744609789076995
full_paper__pca5,full_recipe__pca5_cw0.25,1,2010,3.0981806740060645,3.337323070799438
full_paper__pca5,full_recipe__pca5_cw0.25,1,2011,3.6682367408679055,3.292965611730176
full_paper__pca5,full_recipe__pca5_cw0.25,1,2012,2.662770754130043,2.4415277741303982
full_paper__pca5,full_recipe__pca5_cw0.25,1,2013,1.204472887004865,1.1350969626983873
full_paper__pca5,full_recipe__pca5_cw0.25,1,2014,0.8448614027245598,1.4560196484255103
full_paper__pca5,full_recipe__pca5_cw0.25,1,2015,0.3106345139583851,-0.5148731031794949
full_paper__pca5,full_recipe__pca5_cw0.25,1,2016,0.44580382786106765,0.44761467913034797
full_paper__pca5,full_recipe__pca5_cw0.25,5,2003,3.656914869265709,2.507982727881761
full_paper__pca5,full_recipe__pca5_cw0.25,5,2004,3.104476689430238,3.0082900473291097
full_paper__pca5,full_recipe__pca5_cw0.25,5,2005,2.8243050252203306,2.8220365820954094
full_paper__pca5,full_recipe__pca5_cw0.25,5,2006,2.2628201364077274,3.212824716372289
full_paper__pca5,full_recipe__pca5_cw0.25,5,2007,1.8068168065103551,2.090490431554002
full_paper__pca5,full_recipe__pca5_cw0.25,5,2008,4.923016192019663,4.544586516618468
full_paper__pca5,full_recipe__pca5_cw0.25,5,2009,0.592679190595763,0.5457366153022638
full_paper__pca5,full_recipe__pca5_cw0.25,5,2010,1.2307347284837438,1.026513092081752
full_paper__pca5,full_recipe__pca5_cw0.25,5,2011,2.300175405343585,1.8722637062962248
full_paper__pca5,full_recipe__pca5_cw0.25,5,2012,2.169652369491075,1.744506354272886
full_paper__pca5,full_recipe__pca5_cw0.25,5,2013,0.44704749833354634,0.9572151886166177
full_paper__pca5,full_recipe__pca5_cw0.25,5,2014,0.9535193896887207,1.2332267858608363
full_paper__pca5,full_recipe__pca5_cw0.25,5,2015,0.010726986136945164,-0.5392348626629316
full_paper__pca5,full_recipe__pca5_cw0.25,5,2016,0.8846863739450441,0.4713185310517047
full_paper__pca5,full_recipe__pca5_cw0.25,20,2003,2.530869547511646,1.1909329300136908
full_paper__pca5,full_recipe__pca5_cw0.25,20,2004,2.5263162967654327,2.501565549279359
full_paper__pca5,full_recipe__pca5_cw0.25,20,2005,1.5435428431386984,0.2378292173756454
full_paper__pca5,full_recipe__pca5_cw0.25,20,2006,0.7717162754197338,2.150177940056397
full_paper__pca5,full_recipe__pca5_cw0.25,20,2007,-0.11826188035500686,0.4464843202395923
full_paper__pca5,full_recipe__pca5_cw0.25,20,2008,3.1798105917106145,2.6404567178771936
full_paper__pca5,full_recipe__pca5_cw0.25,20,2009,-0.6831038286885143,-0.4802282693007539
full_paper__pca5,full_recipe__pca5_cw0.25,20,2010,-0.162793009834802,-0.46621694837391786
full_paper__pca5,full_recipe__pca5_cw0.25,20,2011,1.4227592867644911,1.0889652706463047
full_paper__pca5,full_recipe__pca5_cw0.25,20,2012,1.6627883102251562,1.6201623526590616
full_paper__pca5,full_recipe__pca5_cw0.25,20,2013,1.048821998792139,0.7618594907746733
full_paper__pca5,full_recipe__pca5_cw0.25,20,2014,0.9432713634324381,1.016008042111874
full_paper__pca5,full_recipe__pca5_cw0.25,20,2015,-0.5787737304038274,-1.0045876028209473
full_paper__pca5,full_recipe__pca5_cw0.25,20,2016,1.7628420170856522,0.928431749691794
full_paper__pca5,full_recipe__pca5_cw0.5,1,2003,5.567805396970223,4.604233402123044
full_paper__pca5,full_recipe__pca5_cw0.5,1,2004,4.393983055082889,3.90902961531369
full_paper__pca5,full_recipe__pca5_cw0.5,1,2005,3.3399585340886704,3.4033782061824747
full_paper__pca5,full_recipe__pca5_cw0.5,1,2006,5.386259787118238,5.269400615619457
full_paper__pca5,full_recipe__pca5_cw0.5,1,2007,1.5295916310835285,1.8760085137384932
full_paper__pca5,full_recipe__pca5_cw0.5,1,2008,5.432335222185776,4.736345472706496
full_paper__pca5,full_recipe__pca5_cw0.5,1,2009,2.235264030400901,1.1875696631240094
full_paper__pca5,full_recipe__pca5_cw0.5,1,2010,3.0981806740060645,2.920576542556978
full_paper__pca5,full_recipe__pca5_cw0.5,1,2011,3.6682367408679055,2.1719397364837487
full_paper__pca5,full_recipe__pca5_cw0.5,1,2012,2.662770754130043,1.1067856358338712
full_paper__pca5,full_recipe__pca5_cw0.5,1,2013,1.204472887004865,1.0949713322295256
full_paper__pca5,full_recipe__pca5_cw0.5,1,2014,0.8448614027245598,0.88839131101616
full_paper__pca5,full_recipe__pca5_cw0.5,1,2015,0.3106345139583851,0.2730571084377614
full_paper__pca5,full_recipe__pca5_cw0.5,1,2016,0.44580382786106765,0.020734778830974836
full_paper__pca5,full_recipe__pca5_cw0.5,5,2003,3.656914869265709,2.5196943585200886
full_paper__pca5,full_recipe__pca5_cw0.5,5,2004,3.104476689430238,2.7807382507101943
full_paper__pca5,full_recipe__pca5_cw0.5,5,2005,2.8243050252203306,2.7451817060196584
full_paper__pca5,full_recipe__pca5_cw0.5,5,2006,2.2628201364077274,3.3078595571958025
full_paper__pca5,full_recipe__pca5_cw0.5,5,2007,1.8068168065103551,1.807996845991005
full_paper__pca5,full_recipe__pca5_cw0.5,5,2008,4.923016192019663,3.790442166400889
full_paper__pca5,full_recipe__pca5_cw0.5,5,2009,0.592679190595763,0.09491868593196952
full_paper__pca5,full_recipe__pca5_cw0.5,5,2010,1.2307347284837438,0.7535743474837113
full_paper__pca5,full_recipe__pca5_cw0.5,5,2011,2.300175405343585,1.483426566034478
full_paper__pca5,full_recipe__pca5_cw0.5,5,2012,2.169652369491075,0.47746269334212954
full_paper__pca5,full_recipe__pca5_cw0.5,5,2013,0.44704749833354634,1.2014835521321805
full_paper__pca5,full_recipe__pca5_cw0.5,5,2014,0.9535193896887207,0.4075481916206611
full_paper__pca5,full_recipe__pca5_cw0.5,5,2015,0.010726986136945164,0.47007505320041776
full_paper__pca5,full_recipe__pca5_cw0.5,5,2016,0.8846863739450441,-0.8099612173490582
full_paper__pca5,full_recipe__pca5_cw0.5,20,2003,2.530869547511646,1.121764815682853
full_paper__pca5,full_recipe__pca5_cw0.5,20,2004,2.5263162967654327,2.190332538120629
full_paper__pca5,full_recipe__pca5_cw0.5,20,2005,1.5435428431386984,-0.045519323201719475
full_paper__pca5,full_recipe__pca5_cw0.5,20,2006,0.7717162754197338,2.191812361650121
full_paper__pca5,full_recipe__pca5_cw0.5,20,2007,-0.11826188035500686,0.15472201827956533
full_paper__pca5,full_recipe__pca5_cw0.5,20,2008,3.1798105917106145,2.323405207551551
full_paper__pca5,full_recipe__pca5_cw0.5,20,2009,-0.6831038286885143,-0.7827838938104729
full_paper__pca5,full_recipe__pca5_cw0.5,20,2010,-0.162793009834802,-0.3612076334862382
full_paper__pca5,full_recipe__pca5_cw0.5,20,2011,1.4227592867644911,1.4978245744049297
full_paper__pca5,full_recipe__pca5_cw0.5,20,2012,1.6627883102251562,-0.7400359768992365
full_paper__pca5,full_recipe__pca5_cw0.5,20,2013,1.048821998792139,0.8575337191169659
full_paper__pca5,full_recipe__pca5_cw0.5,20,2014,0.9432713634324381,1.342633570891235
full_paper__pca5,full_recipe__pca5_cw0.5,20,2015,-0.5787737304038274,-0.3990044751474554
full_paper__pca5,full_recipe__pca5_cw0.5,20,2016,1.7628420170856522,-0.9248215956557446
full_paper_costs__ff5,full_recipe__ff5_cw0.25,1,2003,2.2332538157798374,2.536529954417008
full_paper_costs__ff5,full_recipe__ff5_cw0.25,1,2004,3.5372925929620935,3.542151826525614
full_paper_costs__ff5,full_recipe__ff5_cw0.25,1,2005,1.9723712456647537,1.7550199520410057
full_paper_costs__ff5,full_recipe__ff5_cw0.25,1,2006,-0.8956053292787757,2.4874233479952883
full_paper_costs__ff5,full_recipe__ff5_cw0.25,1,2007,1.639668979745993,1.5468913396873665
full_paper_costs__ff5,full_recipe__ff5_cw0.25,1,2008,0.1263961442665529,2.8105871282506545
full_paper_costs__ff5,full_recipe__ff5_cw0.25,1,2009,1.9899804350654575,1.2190169735820093
full_paper_costs__ff5,full_recipe__ff5_cw0.25,1,2010,2.6591056146831935,2.389643123895228
full_paper_costs__ff5,full_recipe__ff5_cw0.25,1,2011,-0.7059115339091947,0.7226542370548119
full_paper_costs__ff5,full_recipe__ff5_cw0.25,1,2012,1.081812997644585,2.2801522313862717
full_paper_costs__ff5,full_recipe__ff5_cw0.25,1,2013,0.6049320253732084,1.9876805451923967
full_paper_costs__ff5,full_recipe__ff5_cw0.25,1,2014,-0.6469348627341649,1.7944834627915462
full_paper_costs__ff5,full_recipe__ff5_cw0.25,1,2015,0.8998543558419237,1.7112795445674749
full_paper_costs__ff5,full_recipe__ff5_cw0.25,1,2016,0.7504284026163522,0.4255652815785215
full_paper_costs__ff5,full_recipe__ff5_cw0.25,5,2003,0.6710918030526756,1.0117898476815301
full_paper_costs__ff5,full_recipe__ff5_cw0.25,5,2004,2.866245269466005,3.683071916653361
full_paper_costs__ff5,full_recipe__ff5_cw0.25,5,2005,1.9417499742245372,3.430312302046035
full_paper_costs__ff5,full_recipe__ff5_cw0.25,5,2006,-0.9434296825316049,1.5748257000683492
full_paper_costs__ff5,full_recipe__ff5_cw0.25,5,2007,0.7407653646995006,0.7999435884131713
full_paper_costs__ff5,full_recipe__ff5_cw0.25,5,2008,-0.24316499600062946,2.1141281949629627
full_paper_costs__ff5,full_recipe__ff5_cw0.25,5,2009,2.0322782479056714,0.2625416049689746
full_paper_costs__ff5,full_recipe__ff5_cw0.25,5,2010,2.502776830863853,0.9934905320162345
full_paper_costs__ff5,full_recipe__ff5_cw0.25,5,2011,-1.4282800118191514,0.02328744848656174
full_paper_costs__ff5,full_recipe__ff5_cw0.25,5,2012,1.072315745664765,0.7135144428613525
full_paper_costs__ff5,full_recipe__ff5_cw0.25,5,2013,1.36839436791342,1.7832007077168277
full_paper_costs__ff5,full_recipe__ff5_cw0.25,5,2014,-0.7989834327334451,0.18035852589077653
full_paper_costs__ff5,full_recipe__ff5_cw0.25,5,2015,0.6706428139075493,1.50883890003311
full_paper_costs__ff5,full_recipe__ff5_cw0.25,5,2016,0.8577021059399667,0.5036848673286881
full_paper_costs__ff5,full_recipe__ff5_cw0.25,20,2003,1.0530863122259322,1.2345424171619295
full_paper_costs__ff5,full_recipe__ff5_cw0.25,20,2004,1.824475243308399,1.4143610888737215
full_paper_costs__ff5,full_recipe__ff5_cw0.25,20,2005,1.5869954965185058,0.7688422182472849
full_paper_costs__ff5,full_recipe__ff5_cw0.25,20,2006,-0.90036428101836,-0.005253960898979664
full_paper_costs__ff5,full_recipe__ff5_cw0.25,20,2007,0.2669441546190442,-1.129932448818805
full_paper_costs__ff5,full_recipe__ff5_cw0.25,20,2008,-0.38666232319049126,0.570266919089691
full_paper_costs__ff5,full_recipe__ff5_cw0.25,20,2009,2.593770130266961,0.9378504754436973
full_paper_costs__ff5,full_recipe__ff5_cw0.25,20,2010,2.4703336748969753,-0.8180776658259644
full_paper_costs__ff5,full_recipe__ff5_cw0.25,20,2011,-1.0968256267065748,-1.4563339029594238
full_paper_costs__ff5,full_recipe__ff5_cw0.25,20,2012,0.6516110241072128,0.8502039078687623
full_paper_costs__ff5,full_recipe__ff5_cw0.25,20,2013,0.07754831243015686,1.1349642222813652
full_paper_costs__ff5,full_recipe__ff5_cw0.25,20,2014,-0.6006777764635566,-1.150909310122659
full_paper_costs__ff5,full_recipe__ff5_cw0.25,20,2015,0.6228677864619897,1.4171085448656267
full_paper_costs__ff5,full_recipe__ff5_cw0.25,20,2016,0.6462365854166442,-0.08081930664338757
full_paper_costs__ff5,full_recipe__ff5_cw0.5,1,2003,2.2332538157798374,2.2465154920047086
full_paper_costs__ff5,full_recipe__ff5_cw0.5,1,2004,3.5372925929620935,3.8248092288917994
full_paper_costs__ff5,full_recipe__ff5_cw0.5,1,2005,1.9723712456647537,1.9781807578015391
full_paper_costs__ff5,full_recipe__ff5_cw0.5,1,2006,-0.8956053292787757,2.1986865451861624
full_paper_costs__ff5,full_recipe__ff5_cw0.5,1,2007,1.639668979745993,1.0488303968778778
full_paper_costs__ff5,full_recipe__ff5_cw0.5,1,2008,0.1263961442665529,3.0990595093145847
full_paper_costs__ff5,full_recipe__ff5_cw0.5,1,2009,1.9899804350654575,-0.508887358079634
full_paper_costs__ff5,full_recipe__ff5_cw0.5,1,2010,2.6591056146831935,2.6761431015172765
full_paper_costs__ff5,full_recipe__ff5_cw0.5,1,2011,-0.7059115339091947,0.5721905026034189
full_paper_costs__ff5,full_recipe__ff5_cw0.5,1,2012,1.081812997644585,0.8065318697350427
full_paper_costs__ff5,full_recipe__ff5_cw0.5,1,2013,0.6049320253732084,0.41700092292292384
full_paper_costs__ff5,full_recipe__ff5_cw0.5,1,2014,-0.6469348627341649,1.5847940002046188
full_paper_costs__ff5,full_recipe__ff5_cw0.5,1,2015,0.8998543558419237,1.14716657810518
full_paper_costs__ff5,full_recipe__ff5_cw0.5,1,2016,0.7504284026163522,-0.3015151777413107
full_paper_costs__ff5,full_recipe__ff5_cw0.5,5,2003,0.6710918030526756,0.5897332459066406
full_paper_costs__ff5,full_recipe__ff5_cw0.5,5,2004,2.866245269466005,3.651821459316892
full_paper_costs__ff5,full_recipe__ff5_cw0.5,5,2005,1.9417499742245372,3.25602087681955
full_paper_costs__ff5,full_recipe__ff5_cw0.5,5,2006,-0.9434296825316049,1.5351061537729354
full_paper_costs__ff5,full_recipe__ff5_cw0.5,5,2007,0.7407653646995006,-0.13186831216316566
full_paper_costs__ff5,full_recipe__ff5_cw0.5,5,2008,-0.24316499600062946,2.665448834682745
full_paper_costs__ff5,full_recipe__ff5_cw0.5,5,2009,2.0322782479056714,-0.8561732124586222
full_paper_costs__ff5,full_recipe__ff5_cw0.5,5,2010,2.502776830863853,2.298213176016165
full_paper_costs__ff5,full_recipe__ff5_cw0.5,5,2011,-1.4282800118191514,0.3102741030511531
full_paper_costs__ff5,full_recipe__ff5_cw0.5,5,2012,1.072315745664765,-0.3731924458376648
full_paper_costs__ff5,full_recipe__ff5_cw0.5,5,2013,1.36839436791342,0.9620891727183677
full_paper_costs__ff5,full_recipe__ff5_cw0.5,5,2014,-0.7989834327334451,0.5690042941827265
full_paper_costs__ff5,full_recipe__ff5_cw0.5,5,2015,0.6706428139075493,1.6162485607222097
full_paper_costs__ff5,full_recipe__ff5_cw0.5,5,2016,0.8577021059399667,-0.34370556109903927
full_paper_costs__ff5,full_recipe__ff5_cw0.5,20,2003,1.0530863122259322,0.9310157371957452
full_paper_costs__ff5,full_recipe__ff5_cw0.5,20,2004,1.824475243308399,1.3237619800159524
full_paper_costs__ff5,full_recipe__ff5_cw0.5,20,2005,1.5869954965185058,0.9689159683295513
full_paper_costs__ff5,full_recipe__ff5_cw0.5,20,2006,-0.90036428101836,0.5280505058025391
full_paper_costs__ff5,full_recipe__ff5_cw0.5,20,2007,0.2669441546190442,-1.480487780075485
full_paper_costs__ff5,full_recipe__ff5_cw0.5,20,2008,-0.38666232319049126,2.0929789619272703
full_paper_costs__ff5,full_recipe__ff5_cw0.5,20,2009,2.593770130266961,-0.05513480069339947
full_paper_costs__ff5,full_recipe__ff5_cw0.5,20,2010,2.4703336748969753,-0.007268146691405137
full_paper_costs__ff5,full_recipe__ff5_cw0.5,20,2011,-1.0968256267065748,-0.9823286764458706
full_paper_costs__ff5,full_recipe__ff5_cw0.5,20,2012,0.6516110241072128,-0.27810074133945617
full_paper_costs__ff5,full_recipe__ff5_cw0.5,20,2013,0.07754831243015686,1.6051567844989016
full_paper_costs__ff5,full_recipe__ff5_cw0.5,20,2014,-0.6006777764635566,0.5436158317154329
full_paper_costs__ff5,full_recipe__ff5_cw0.5,20,2015,0.6228677864619897,0.8174712770508427
full_paper_costs__ff5,full_recipe__ff5_cw0.5,20,2016,0.6462365854166442,-0.1398796077206043
full_paper_costs__pca5,full_recipe__pca5_cw0.25,1,2003,5.1644716061842635,4.8690461327631365
full_paper_costs__pca5,full_recipe__pca5_cw0.25,1,2004,3.3519375384950756,4.0974103961236255
full_paper_costs__pca5,full_recipe__pca5_cw0.25,1,2005,2.285551810811568,3.531832409661566
full_paper_costs__pca5,full_recipe__pca5_cw0.25,1,2006,0.6285495550997834,5.588956365637849
full_paper_costs__pca5,full_recipe__pca5_cw0.25,1,2007,-1.073186770133286,2.1605603584944064
full_paper_costs__pca5,full_recipe__pca5_cw0.25,1,2008,1.0159129601635606,5.15526846653154
full_paper_costs__pca5,full_recipe__pca5_cw0.25,1,2009,-0.5863210271177454,2.0744609789076995
full_paper_costs__pca5,full_recipe__pca5_cw0.25,1,2010,2.061819159009877,3.337323070799438
full_paper_costs__pca5,full_recipe__pca5_cw0.25,1,2011,-1.2402808375484722,3.292965611730176
full_paper_costs__pca5,full_recipe__pca5_cw0.25,1,2012,-1.5476592892086496,2.4415277741303982
full_paper_costs__pca5,full_recipe__pca5_cw0.25,1,2013,-0.7126433728503361,1.1350969626983873
full_paper_costs__pca5,full_recipe__pca5_cw0.25,1,2014,0.9374339240336769,1.4560196484255103
full_paper_costs__pca5,full_recipe__pca5_cw0.25,1,2015,1.5511353635837741,-0.5148731031794949
full_paper_costs__pca5,full_recipe__pca5_cw0.25,1,2016,0.4229816333474209,0.44761467913034797
full_paper_costs__pca5,full_recipe__pca5_cw0.25,5,2003,3.1769099308007074,2.507982727881761
full_paper_costs__pca5,full_recipe__pca5_cw0.25,5,2004,2.190628398353053,3.0082900473291097
full_paper_costs__pca5,full_recipe__pca5_cw0.25,5,2005,1.7846315710635703,2.8220365820954094
full_paper_costs__pca5,full_recipe__pca5_cw0.25,5,2006,-0.16910435839532564,3.212824716372289
full_paper_costs__pca5,full_recipe__pca5_cw0.25,5,2007,-1.3290367810952117,2.090490431554002
full_paper_costs__pca5,full_recipe__pca5_cw0.25,5,2008,0.13837760450115513,4.544586516618468
full_paper_costs__pca5,full_recipe__pca5_cw0.25,5,2009,-0.4059436402429907,0.5457366153022638
full_paper_costs__pca5,full_recipe__pca5_cw0.25,5,2010,2.0326719269480074,1.026513092081752
full_paper_costs__pca5,full_recipe__pca5_cw0.25,5,2011,-0.974988749707836,1.8722637062962248
full_paper_costs__pca5,full_recipe__pca5_cw0.25,5,2012,-1.7315091081952396,1.744506354272886
full_paper_costs__pca5,full_recipe__pca5_cw0.25,5,2013,-0.17843881331702482,0.9572151886166177
full_paper_costs__pca5,full_recipe__pca5_cw0.25,5,2014,0.8735031887841442,1.2332267858608363
full_paper_costs__pca5,full_recipe__pca5_cw0.25,5,2015,1.6008090350520825,-0.5392348626629316
full_paper_costs__pca5,full_recipe__pca5_cw0.25,5,2016,0.054116051126328044,0.4713185310517047
full_paper_costs__pca5,full_recipe__pca5_cw0.25,20,2003,2.3554619587422234,1.1909329300136908
full_paper_costs__pca5,full_recipe__pca5_cw0.25,20,2004,1.675373053665584,2.501565549279359
full_paper_costs__pca5,full_recipe__pca5_cw0.25,20,2005,1.3646720389393496,0.2378292173756454
full_paper_costs__pca5,full_recipe__pca5_cw0.25,20,2006,-0.6115077119503308,2.150177940056397
full_paper_costs__pca5,full_recipe__pca5_cw0.25,20,2007,-1.4302486567571513,0.4464843202395923
full_paper_costs__pca5,full_recipe__pca5_cw0.25,20,2008,-0.4720430670622271,2.6404567178771936
full_paper_costs__pca5,full_recipe__pca5_cw0.25,20,2009,0.4372484798526412,-0.4802282693007539
full_paper_costs__pca5,full_recipe__pca5_cw0.25,20,2010,1.0556962991412224,-0.46621694837391786
full_paper_costs__pca5,full_recipe__pca5_cw0.25,20,2011,-0.22600450329963975,1.0889652706463047
full_paper_costs__pca5,full_recipe__pca5_cw0.25,20,2012,-1.951274307589578,1.6201623526590616
full_paper_costs__pca5,full_recipe__pca5_cw0.25,20,2013,0.44685608567872415,0.7618594907746733
full_paper_costs__pca5,full_recipe__pca5_cw0.25,20,2014,0.688148950065197,1.016008042111874
full_paper_costs__pca5,full_recipe__pca5_cw0.25,20,2015,0.6782448817337223,-1.0045876028209473
full_paper_costs__pca5,full_recipe__pca5_cw0.25,20,2016,-1.0481897160814748,0.928431749691794
full_paper_costs__pca5,full_recipe__pca5_cw0.5,1,2003,5.1644716061842635,4.604233402123044
full_paper_costs__pca5,full_recipe__pca5_cw0.5,1,2004,3.3519375384950756,3.90902961531369
full_paper_costs__pca5,full_recipe__pca5_cw0.5,1,2005,2.285551810811568,3.4033782061824747
full_paper_costs__pca5,full_recipe__pca5_cw0.5,1,2006,0.6285495550997834,5.269400615619457
full_paper_costs__pca5,full_recipe__pca5_cw0.5,1,2007,-1.073186770133286,1.8760085137384932
full_paper_costs__pca5,full_recipe__pca5_cw0.5,1,2008,1.0159129601635606,4.736345472706496
full_paper_costs__pca5,full_recipe__pca5_cw0.5,1,2009,-0.5863210271177454,1.1875696631240094
full_paper_costs__pca5,full_recipe__pca5_cw0.5,1,2010,2.061819159009877,2.920576542556978
full_paper_costs__pca5,full_recipe__pca5_cw0.5,1,2011,-1.2402808375484722,2.1719397364837487
full_paper_costs__pca5,full_recipe__pca5_cw0.5,1,2012,-1.5476592892086496,1.1067856358338712
full_paper_costs__pca5,full_recipe__pca5_cw0.5,1,2013,-0.7126433728503361,1.0949713322295256
full_paper_costs__pca5,full_recipe__pca5_cw0.5,1,2014,0.9374339240336769,0.88839131101616
full_paper_costs__pca5,full_recipe__pca5_cw0.5,1,2015,1.5511353635837741,0.2730571084377614
full_paper_costs__pca5,full_recipe__pca5_cw0.5,1,2016,0.4229816333474209,0.020734778830974836
full_paper_costs__pca5,full_recipe__pca5_cw0.5,5,2003,3.1769099308007074,2.5196943585200886
full_paper_costs__pca5,full_recipe__pca5_cw0.5,5,2004,2.190628398353053,2.7807382507101943
full_paper_costs__pca5,full_recipe__pca5_cw0.5,5,2005,1.7846315710635703,2.7451817060196584
full_paper_costs__pca5,full_recipe__pca5_cw0.5,5,2006,-0.16910435839532564,3.3078595571958025
full_paper_costs__pca5,full_recipe__pca5_cw0.5,5,2007,-1.3290367810952117,1.807996845991005
full_paper_costs__pca5,full_recipe__pca5_cw0.5,5,2008,0.13837760450115513,3.790442166400889
full_paper_costs__pca5,full_recipe__pca5_cw0.5,5,2009,-0.4059436402429907,0.09491868593196952
full_paper_costs__pca5,full_recipe__pca5_cw0.5,5,2010,2.0326719269480074,0.7535743474837113
full_paper_costs__pca5,full_recipe__pca5_cw0.5,5,2011,-0.974988749707836,1.483426566034478
full_paper_costs__pca5,full_recipe__pca5_cw0.5,5,2012,-1.7315091081952396,0.47746269334212954
full_paper_costs__pca5,full_recipe__pca5_cw0.5,5,2013,-0.17843881331702482,1.2014835521321805
full_paper_costs__pca5,full_recipe__pca5_cw0.5,5,2014,0.8735031887841442,0.4075481916206611
full_paper_costs__pca5,full_recipe__pca5_cw0.5,5,2015,1.6008090350520825,0.47007505320041776
full_paper_costs__pca5,full_recipe__pca5_cw0.5,5,2016,0.054116051126328044,-0.8099612173490582
full_paper_costs__pca5,full_recipe__pca5_cw0.5,20,2003,2.3554619587422234,1.121764815682853
full_paper_costs__pca5,full_recipe__pca5_cw0.5,20,2004,1.675373053665584,2.190332538120629
full_paper_costs__pca5,full_recipe__pca5_cw0.5,20,2005,1.3646720389393496,-0.045519323201719475
full_paper_costs__pca5,full_recipe__pca5_cw0.5,20,2006,-0.6115077119503308,2.191812361650121
full_paper_costs__pca5,full_recipe__pca5_cw0.5,20,2007,-1.4302486567571513,0.15472201827956533
full_paper_costs__pca5,full_recipe__pca5_cw0.5,20,2008,-0.4720430670622271,2.323405207551551
full_paper_costs__pca5,full_recipe__pca5_cw0.5,20,2009,0.4372484798526412,-0.7827838938104729
full_paper_costs__pca5,full_recipe__pca5_cw0.5,20,2010,1.0556962991412224,-0.3612076334862382
full_paper_costs__pca5,full_recipe__pca5_cw0.5,20,2011,-0.22600450329963975,1.4978245744049297
full_paper_costs__pca5,full_recipe__pca5_cw0.5,20,2012,-1.951274307589578,-0.7400359768992365
full_paper_costs__pca5,full_recipe__pca5_cw0.5,20,2013,0.44685608567872415,0.8575337191169659
full_paper_costs__pca5,full_recipe__pca5_cw0.5,20,2014,0.688148950065197,1.342633570891235
full_paper_costs__pca5,full_recipe__pca5_cw0.5,20,2015,0.6782448817337223,-0.3990044751474554
full_paper_costs__pca5,full_recipe__pca5_cw0.5,20,2016,-1.0481897160814748,-0.9248215956557446
official_paper__ipca5,official_paper_costs__ipca5,1,2002,5.5944098265508835,5.911410181167071
official_paper__ipca5,official_paper_costs__ipca5,1,2003,7.047649392392151,6.72403629155555
official_paper__ipca5,official_paper_costs__ipca5,1,2004,5.613920762451581,4.445071109654118
official_paper__ipca5,official_paper_costs__ipca5,1,2005,5.380436003969935,3.031051601330916
official_paper__ipca5,official_paper_costs__ipca5,1,2006,5.976900057099732,3.88045172131019
official_paper__ipca5,official_paper_costs__ipca5,1,2007,3.008241931818304,1.2068608756636685
official_paper__ipca5,official_paper_costs__ipca5,1,2008,2.094823157902765,0.8121627594747003
official_paper__ipca5,official_paper_costs__ipca5,1,2009,3.669951524754788,3.272447460625826
official_paper__ipca5,official_paper_costs__ipca5,1,2010,4.028616894463109,1.3643531902483237
official_paper__ipca5,official_paper_costs__ipca5,1,2011,2.702238805908912,0.7377649179754966
official_paper__ipca5,official_paper_costs__ipca5,1,2012,2.8927310061789977,2.2562457319099947
official_paper__ipca5,official_paper_costs__ipca5,1,2013,2.5510135802845175,2.534745571170985
official_paper__ipca5,official_paper_costs__ipca5,1,2014,2.0090008650152567,-0.2455975912562525
official_paper__ipca5,official_paper_costs__ipca5,1,2015,0.6812647250148242,-0.370932602303674
official_paper__ipca5,official_paper_costs__ipca5,1,2016,1.7959239517823917,2.3006758877132314
official_paper__ipca5,official_paper_costs__ipca5,5,2002,2.9392561588217223,2.8221104239955506
official_paper__ipca5,official_paper_costs__ipca5,5,2003,3.144467938565871,3.3634257272095893
official_paper__ipca5,official_paper_costs__ipca5,5,2004,3.311353088082125,2.400186262826029
official_paper__ipca5,official_paper_costs__ipca5,5,2005,4.929983817583062,2.1076413268966943
official_paper__ipca5,official_paper_costs__ipca5,5,2006,3.9119824835813315,2.1563663110511633
official_paper__ipca5,official_paper_costs__ipca5,5,2007,1.7771767014485544,0.8802836545328688
official_paper__ipca5,official_paper_costs__ipca5,5,2008,1.6287477245199848,0.3699716825738518
official_paper__ipca5,official_paper_costs__ipca5,5,2009,1.9162925477226276,2.774187930728342
official_paper__ipca5,official_paper_costs__ipca5,5,2010,3.0887551819236023,1.5362334306137555
official_paper__ipca5,official_paper_costs__ipca5,5,2011,1.7484445856245012,0.5985119741182462
official_paper__ipca5,official_paper_costs__ipca5,5,2012,2.663232439417325,2.1084160489008337
official_paper__ipca5,official_paper_costs__ipca5,5,2013,0.7019646909479232,2.48630770188878
official_paper__ipca5,official_paper_costs__ipca5,5,2014,1.3650687651905677,-0.2334029848232112
official_paper__ipca5,official_paper_costs__ipca5,5,2015,0.30805476979368174,-0.4205495119040633
official_paper__ipca5,official_paper_costs__ipca5,5,2016,1.0736140009116564,2.2770432835067096
official_paper__ipca5,official_paper_costs__ipca5,20,2002,3.326581184631654,2.3065386101066885
official_paper__ipca5,official_paper_costs__ipca5,20,2003,1.7720356281318617,3.1641294679896226
official_paper__ipca5,official_paper_costs__ipca5,20,2004,1.9054171710352459,1.8376418659326685
official_paper__ipca5,official_paper_costs__ipca5,20,2005,1.108602224771962,0.2799269719601844
official_paper__ipca5,official_paper_costs__ipca5,20,2006,1.6500674112752431,1.110547023162752
official_paper__ipca5,official_paper_costs__ipca5,20,2007,0.556492587354619,0.3222045553557775
official_paper__ipca5,official_paper_costs__ipca5,20,2008,1.5027806697832484,-0.3174765368605384
official_paper__ipca5,official_paper_costs__ipca5,20,2009,1.3466854399527355,2.832145471866951
official_paper__ipca5,official_paper_costs__ipca5,20,2010,0.9806466787919969,1.5250418428763088
official_paper__ipca5,official_paper_costs__ipca5,20,2011,1.1199060267901495,0.45293047872413555
official_paper__ipca5,official_paper_costs__ipca5,20,2012,2.3535112671548393,1.7872231659311073
official_paper__ipca5,official_paper_costs__ipca5,20,2013,0.9654164318392814,2.5085859844948057
official_paper__ipca5,official_paper_costs__ipca5,20,2014,0.3058892182460422,-0.12432996526894687
official_paper__ipca5,official_paper_costs__ipca5,20,2015,-0.33460352413491695,-0.9454584836574533
official_paper__ipca5,official_paper_costs__ipca5,20,2016,1.6695346074976947,2.122512712653113
official_paper__ipca5,official_recipe__ipca5_cw0.25,1,2002,5.5944098265508835,5.8802059598889045
official_paper__ipca5,official_recipe__ipca5_cw0.25,1,2003,7.047649392392151,6.978180200336485
official_paper__ipca5,official_recipe__ipca5_cw0.25,1,2004,5.613920762451581,5.591323313581848
official_paper__ipca5,official_recipe__ipca5_cw0.25,1,2005,5.380436003969935,5.22327823180091
official_paper__ipca5,official_recipe__ipca5_cw0.25,1,2006,5.976900057099732,5.913622021354237
official_paper__ipca5,official_recipe__ipca5_cw0.25,1,2007,3.008241931818304,2.7130501857849687
official_paper__ipca5,official_recipe__ipca5_cw0.25,1,2008,2.094823157902765,2.49176475395376
official_paper__ipca5,official_recipe__ipca5_cw0.25,1,2009,3.669951524754788,3.8680447404560185
official_paper__ipca5,official_recipe__ipca5_cw0.25,1,2010,4.028616894463109,3.5613608618102646
official_paper__ipca5,official_recipe__ipca5_cw0.25,1,2011,2.702238805908912,1.630190003718457
official_paper__ipca5,official_recipe__ipca5_cw0.25,1,2012,2.8927310061789977,2.8236488878707746
official_paper__ipca5,official_recipe__ipca5_cw0.25,1,2013,2.5510135802845175,2.4795733950081806
official_paper__ipca5,official_recipe__ipca5_cw0.25,1,2014,2.0090008650152567,1.3086239087957925
official_paper__ipca5,official_recipe__ipca5_cw0.25,1,2015,0.6812647250148242,0.7439073343585457
official_paper__ipca5,official_recipe__ipca5_cw0.25,1,2016,1.7959239517823917,1.3816756830347856
official_paper__ipca5,official_recipe__ipca5_cw0.25,5,2002,2.9392561588217223,3.04009447596292
official_paper__ipca5,official_recipe__ipca5_cw0.25,5,2003,3.144467938565871,3.326599654803001
official_paper__ipca5,official_recipe__ipca5_cw0.25,5,2004,3.311353088082125,3.3467816677267126
official_paper__ipca5,official_recipe__ipca5_cw0.25,5,2005,4.929983817583062,4.776467231647323
official_paper__ipca5,official_recipe__ipca5_cw0.25,5,2006,3.9119824835813315,3.847058352702175
official_paper__ipca5,official_recipe__ipca5_cw0.25,5,2007,1.7771767014485544,1.683005027234614
official_paper__ipca5,official_recipe__ipca5_cw0.25,5,2008,1.6287477245199848,1.5825261213971977
official_paper__ipca5,official_recipe__ipca5_cw0.25,5,2009,1.9162925477226276,1.7097535417483547
official_paper__ipca5,official_recipe__ipca5_cw0.25,5,2010,3.0887551819236023,3.103197117509624
official_paper__ipca5,official_recipe__ipca5_cw0.25,5,2011,1.7484445856245012,1.3269692071892376
official_paper__ipca5,official_recipe__ipca5_cw0.25,5,2012,2.663232439417325,2.40229917193583
official_paper__ipca5,official_recipe__ipca5_cw0.25,5,2013,0.7019646909479232,1.188352804284886
official_paper__ipca5,official_recipe__ipca5_cw0.25,5,2014,1.3650687651905677,0.5091209375459238
official_paper__ipca5,official_recipe__ipca5_cw0.25,5,2015,0.30805476979368174,0.5472827799057268
official_paper__ipca5,official_recipe__ipca5_cw0.25,5,2016,1.0736140009116564,1.3087842880309841
official_paper__ipca5,official_recipe__ipca5_cw0.25,20,2002,3.326581184631654,2.687891731653365
official_paper__ipca5,official_recipe__ipca5_cw0.25,20,2003,1.7720356281318617,2.7871358762933074
official_paper__ipca5,official_recipe__ipca5_cw0.25,20,2004,1.9054171710352459,2.098175306365658
official_paper__ipca5,official_recipe__ipca5_cw0.25,20,2005,1.108602224771962,0.7420101752700906
official_paper__ipca5,official_recipe__ipca5_cw0.25,20,2006,1.6500674112752431,1.684398399243761
official_paper__ipca5,official_recipe__ipca5_cw0.25,20,2007,0.556492587354619,0.5067955805034253
official_paper__ipca5,official_recipe__ipca5_cw0.25,20,2008,1.5027806697832484,0.948191863514013
official_paper__ipca5,official_recipe__ipca5_cw0.25,20,2009,1.3466854399527355,1.9041222739245598
official_paper__ipca5,official_recipe__ipca5_cw0.25,20,2010,0.9806466787919969,0.7832573259286612
official_paper__ipca5,official_recipe__ipca5_cw0.25,20,2011,1.1199060267901495,0.8817770101784626
official_paper__ipca5,official_recipe__ipca5_cw0.25,20,2012,2.3535112671548393,1.61681455932929
official_paper__ipca5,official_recipe__ipca5_cw0.25,20,2013,0.9654164318392814,1.1353092517295393
official_paper__ipca5,official_recipe__ipca5_cw0.25,20,2014,0.3058892182460422,0.4175508868274696
official_paper__ipca5,official_recipe__ipca5_cw0.25,20,2015,-0.33460352413491695,-0.13748313900080042
official_paper__ipca5,official_recipe__ipca5_cw0.25,20,2016,1.6695346074976947,1.3913433686187502
official_paper_costs__ipca5,official_recipe__ipca5_cw0.25,1,2002,5.911410181167071,5.8802059598889045
official_paper_costs__ipca5,official_recipe__ipca5_cw0.25,1,2003,6.72403629155555,6.978180200336485
official_paper_costs__ipca5,official_recipe__ipca5_cw0.25,1,2004,4.445071109654118,5.591323313581848
official_paper_costs__ipca5,official_recipe__ipca5_cw0.25,1,2005,3.031051601330916,5.22327823180091
official_paper_costs__ipca5,official_recipe__ipca5_cw0.25,1,2006,3.88045172131019,5.913622021354237
official_paper_costs__ipca5,official_recipe__ipca5_cw0.25,1,2007,1.2068608756636685,2.7130501857849687
official_paper_costs__ipca5,official_recipe__ipca5_cw0.25,1,2008,0.8121627594747003,2.49176475395376
official_paper_costs__ipca5,official_recipe__ipca5_cw0.25,1,2009,3.272447460625826,3.8680447404560185
official_paper_costs__ipca5,official_recipe__ipca5_cw0.25,1,2010,1.3643531902483237,3.5613608618102646
official_paper_costs__ipca5,official_recipe__ipca5_cw0.25,1,2011,0.7377649179754966,1.630190003718457
official_paper_costs__ipca5,official_recipe__ipca5_cw0.25,1,2012,2.2562457319099947,2.8236488878707746
official_paper_costs__ipca5,official_recipe__ipca5_cw0.25,1,2013,2.534745571170985,2.4795733950081806
official_paper_costs__ipca5,official_recipe__ipca5_cw0.25,1,2014,-0.2455975912562525,1.3086239087957925
official_paper_costs__ipca5,official_recipe__ipca5_cw0.25,1,2015,-0.370932602303674,0.7439073343585457
official_paper_costs__ipca5,official_recipe__ipca5_cw0.25,1,2016,2.3006758877132314,1.3816756830347856
official_paper_costs__ipca5,official_recipe__ipca5_cw0.25,5,2002,2.8221104239955506,3.04009447596292
official_paper_costs__ipca5,official_recipe__ipca5_cw0.25,5,2003,3.3634257272095893,3.326599654803001
official_paper_costs__ipca5,official_recipe__ipca5_cw0.25,5,2004,2.400186262826029,3.3467816677267126
official_paper_costs__ipca5,official_recipe__ipca5_cw0.25,5,2005,2.1076413268966943,4.776467231647323
official_paper_costs__ipca5,official_recipe__ipca5_cw0.25,5,2006,2.1563663110511633,3.847058352702175
official_paper_costs__ipca5,official_recipe__ipca5_cw0.25,5,2007,0.8802836545328688,1.683005027234614
official_paper_costs__ipca5,official_recipe__ipca5_cw0.25,5,2008,0.3699716825738518,1.5825261213971977
official_paper_costs__ipca5,official_recipe__ipca5_cw0.25,5,2009,2.774187930728342,1.7097535417483547
official_paper_costs__ipca5,official_recipe__ipca5_cw0.25,5,2010,1.5362334306137555,3.103197117509624
official_paper_costs__ipca5,official_recipe__ipca5_cw0.25,5,2011,0.5985119741182462,1.3269692071892376
official_paper_costs__ipca5,official_recipe__ipca5_cw0.25,5,2012,2.1084160489008337,2.40229917193583
official_paper_costs__ipca5,official_recipe__ipca5_cw0.25,5,2013,2.48630770188878,1.188352804284886
official_paper_costs__ipca5,official_recipe__ipca5_cw0.25,5,2014,-0.2334029848232112,0.5091209375459238
official_paper_costs__ipca5,official_recipe__ipca5_cw0.25,5,2015,-0.4205495119040633,0.5472827799057268
official_paper_costs__ipca5,official_recipe__ipca5_cw0.25,5,2016,2.2770432835067096,1.3087842880309841
official_paper_costs__ipca5,official_recipe__ipca5_cw0.25,20,2002,2.3065386101066885,2.687891731653365
official_paper_costs__ipca5,official_recipe__ipca5_cw0.25,20,2003,3.1641294679896226,2.7871358762933074
official_paper_costs__ipca5,official_recipe__ipca5_cw0.25,20,2004,1.8376418659326685,2.098175306365658
official_paper_costs__ipca5,official_recipe__ipca5_cw0.25,20,2005,0.2799269719601844,0.7420101752700906
official_paper_costs__ipca5,official_recipe__ipca5_cw0.25,20,2006,1.110547023162752,1.684398399243761
official_paper_costs__ipca5,official_recipe__ipca5_cw0.25,20,2007,0.3222045553557775,0.5067955805034253
official_paper_costs__ipca5,official_recipe__ipca5_cw0.25,20,2008,-0.3174765368605384,0.948191863514013
official_paper_costs__ipca5,official_recipe__ipca5_cw0.25,20,2009,2.832145471866951,1.9041222739245598
official_paper_costs__ipca5,official_recipe__ipca5_cw0.25,20,2010,1.5250418428763088,0.7832573259286612
official_paper_costs__ipca5,official_recipe__ipca5_cw0.25,20,2011,0.45293047872413555,0.8817770101784626
official_paper_costs__ipca5,official_recipe__ipca5_cw0.25,20,2012,1.7872231659311073,1.61681455932929
official_paper_costs__ipca5,official_recipe__ipca5_cw0.25,20,2013,2.5085859844948057,1.1353092517295393
official_paper_costs__ipca5,official_recipe__ipca5_cw0.25,20,2014,-0.12432996526894687,0.4175508868274696
official_paper_costs__ipca5,official_recipe__ipca5_cw0.25,20,2015,-0.9454584836574533,-0.13748313900080042
official_paper_costs__ipca5,official_recipe__ipca5_cw0.25,20,2016,2.122512712653113,1.3913433686187502
