base,other,seeds,smoothing_days,period,start,end,base_sharpe,base_net_sharpe,base_mean,base_turnover,base_break_even_bps,base_net_exposure,base_max_drawdown,other_sharpe,other_net_sharpe,other_mean,other_turnover,other_break_even_bps,other_net_exposure,other_max_drawdown,corr_gross,delta_sharpe,delta_sharpe_lo,delta_sharpe_hi,p_delta_le_0,delta_net_sharpe,delta_net_sharpe_lo,delta_net_sharpe_hi,p_delta_net_le_0
full_paper__ff5,full_paper_costs__ff5,0 1,1,full,2003-02-10,2016-12-30,2.12286582167189,-3.070563630851854,0.05713658007663497,1.0271259350385447,2.2074455807900404,0.16647920330368618,-0.0379579332581379,0.9362224143096421,-0.2032826309990682,0.03268488113143217,0.2788621326111129,4.651112291125978,0.6330075142080158,-0.08403077170778162,0.396489624524258,-1.186643407362248,-1.857713787777722,-0.5350209311190579,1.0,2.8672809998527855,2.0896967092093544,3.6120513055069674,0.0
full_paper__ff5,full_paper_costs__ff5,0 1,1,validation,2003-02-10,2005-12-30,2.664438249685199,-2.5898572324726428,0.0675889707737573,0.9786700350932185,2.7405580212498983,0.20468301126048866,-0.020550994097963238,2.6199496041655337,0.10182547792221294,0.07336253194601379,0.5267722506750163,5.526509001620328,0.6785390971639104,-0.022000977057840765,0.7053829416883785,-0.04448864551966514,-0.8185348114889545,0.7050200987404335,0.551,2.6916827103948555,1.8339096924016518,3.5368734356597162,0.0
full_paper__ff5,full_paper_costs__ff5,0 1,1,test,2006-01-03,2016-12-30,1.9915671232966299,-3.190663171293054,0.05438098411820257,1.0399079702222818,2.075160131511314,0.1564074157238863,-0.03795793325813712,0.601899193022455,-0.266270133123859,0.021960906738277754,0.2135755989278513,4.080356358502605,0.6210038827317417,-0.08403077170778184,0.3393845553029221,-1.3896679302741748,-2.1905700525889222,-0.6170249163368788,0.9995,2.924393038169195,1.9868359841895282,3.8574613790108927,0.0
full_paper__ff5,full_paper_costs__ff5,0 1,5,full,2003-02-10,2016-12-30,1.4502954173432074,-0.8643863666740716,0.03958758363629817,0.4273109928772987,3.6763291484858924,0.2607084915736546,-0.0484106166806495,0.7046991715293556,0.12555158061369687,0.024606665726833576,0.1263294944974404,7.729430035674263,0.660929202036443,-0.11033574935663282,0.3891669870653291,-0.7455962458138519,-1.3892181835013522,-0.12330932905254803,0.9895,0.9899379472877685,0.31420081158721147,1.6316422675664064,0.0025
full_paper__ff5,full_paper_costs__ff5,0 1,5,validation,2003-02-10,2005-12-30,2.7654928809094783,0.27949078684656853,0.06967214708070282,0.4288113181396082,6.447515782215442,0.32525095782176244,-0.036112347835187686,1.873784682519876,0.8499210151788343,0.055249284438249294,0.21672538001455072,10.116175235247262,0.7852654415697743,-0.04120045427087682,0.7602730224611262,-0.8917081983896022,-1.6567165614657542,-0.26104896877632755,0.996,0.5704302283322658,-0.10160255909628196,1.217103481583166,0.0545
full_paper__ff5,full_paper_costs__ff5,0 1,5,test,2006-01-03,2016-12-30,1.138608114716595,-1.1392495348389071,0.0316562974989145,0.42692252764635186,2.9424595807311245,0.24369296237137267,-0.04841061668064939,0.4566126514934056,-0.029713629376146234,0.016528257760299283,0.10253380004242205,6.396751551049093,0.6281500561861968,-0.11033574935663304,0.31658477737218255,-0.6819954632231894,-1.4609918932127042,0.0874553503638485,0.961,1.109535905462761,0.3023239241351711,1.9261446147547696,0.004
full_paper__ff5,full_paper_costs__ff5,0 1,20,full,2003-02-10,2016-12-30,0.4738655518354156,-0.6514290604472124,0.013481276877623861,0.19773268726222631,2.705527912833921,0.43885104736637864,-0.07355677602369037,0.5844135078222398,0.2839477674211091,0.020831137178497966,0.05491484057848609,15.05298784463779,0.7018671525133547,-0.12620934494230585,0.4892889524428769,0.11054795598682415,-0.40967719064392044,0.6161694050225276,0.338,0.9353768278683214,0.39987130472200977,1.4692383978454284,0.0
full_paper__ff5,full_paper_costs__ff5,0 1,20,validation,2003-02-10,2005-12-30,1.4873048268908349,0.374537999071219,0.041130694432213344,0.19974534599848964,8.171256285435865,0.5661379596321766,-0.03459445701983477,1.4893712177604848,1.1058525568936763,0.04533227684419869,0.08117614172278698,22.160450553476103,0.8999905117568472,-0.0382875200596795,0.8707522929641205,0.002066390869649881,-0.5783053556466832,0.5442893209391264,0.5555,0.7313145578224574,0.12781166045371073,1.3343803670411571,0.0085
full_paper__ff5,full_paper_costs__ff5,0 1,20,test,2006-01-03,2016-12-30,0.21621632023809112,-0.9131750828241335,0.00619197575272306,0.1971977849529828,1.2460247643214701,0.40529400657402315,-0.07355677602369004,0.3896454654890372,0.105993129364452,0.014371826251823523,0.048005359382176135,11.880143652466908,0.6496352809901518,-0.12620934494230762,0.4097933412452516,0.1734291452509461,-0.4274647524333308,0.8154467425199863,0.256,1.0191682121885854,0.40955398500265155,1.6795371755909234,0.0005
full_paper__pca5,full_paper_costs__pca5,0 1,1,full,2003-02-10,2016-12-30,2.8418439938307727,-3.6323027739944207,0.06426620901350985,1.0677731233974406,2.388378517442563,0.058849551735491806,-0.03201093416864975,0.7401186189725898,-1.095628569280777,0.012315391470307212,0.22776356949182225,2.1456724260901763,0.8635979032533084,-0.06888210849195198,0.27787515486712655,-2.101725374858183,-2.9069068642240725,-1.2940632732097856,1.0,2.536674204713644,1.6227461600272204,3.510877954192535,0.0
full_paper__pca5,full_paper_costs__pca5,0 1,1,validation,2003-02-10,2005-12-30,4.447648364621252,-2.1986165599459357,0.08213693043045493,0.9300838438929937,3.504417394851043,0.56571597997273,-0.00902649631974406,3.6815853774622282,0.04678022882951501,0.055359007697196136,0.42203702501344464,5.205197386793311,0.8900738693776541,-0.00982787962837084,0.827598715235202,-0.7660629871590241,-1.3972029989224546,-0.05888834485076261,0.9845,2.2453967887754507,1.5113345541071261,3.098856329863038,0.0
full_paper__pca5,full_paper_costs__pca5,0 1,1,test,2006-01-03,2016-12-30,2.5259301926277584,-3.9547628441572646,0.059554895674986945,1.1040765551458305,2.1405123584025643,-0.07477720616020479,-0.03201093416865186,0.057038455214943586,-1.3633449002729772,0.0009676703270681657,0.17663335484722842,0.2173973097363789,0.8566179627438205,-0.06888210849195053,0.1763153426946827,-2.468891737412815,-3.365108938001336,-1.502069374213177,1.0,2.5914179438842875,1.529615474400043,3.75313071810477,0.0
full_paper__pca5,full_paper_costs__pca5,0 1,5,full,2003-02-10,2016-12-30,1.9308492163812458,-1.0616864201827365,0.041091847752025824,0.41038360823779835,3.973425951515514,0.052304115327690616,-0.035016988269126914,0.3720448311879724,-0.5033695601871654,0.005843754634133992,0.09746923757149983,2.3791611686090977,0.8866894278333168,-0.05791535002233128,0.15418951532268807,-1.5588043851932736,-2.321270224737545,-0.7523632083669038,1.0,0.5583168599955711,-0.25570686546027194,1.4059454499871873,0.089
full_paper__pca5,full_paper_costs__pca5,0 1,5,validation,2003-02-10,2005-12-30,3.19240808053003,0.325158300518438,0.052340304663164985,0.3515013026210261,5.908928932282198,0.7928765277073839,-0.012137556433549523,2.414558200171681,0.9341297082785608,0.03119666140296153,0.14569946787688257,8.496686859089047,0.949054884317227,-0.009895321682086622,0.8535365914785878,-0.7778498803583491,-1.4203055569985679,-0.017093117994487542,0.978,0.6089714077601227,-0.028078926827824438,1.396680236031883,0.031
full_paper__pca5,full_paper_costs__pca5,0 1,5,test,2006-01-03,2016-12-30,1.702880694359397,-1.3392430225195824,0.038126382405282745,0.42592479598939503,3.5521568525608584,-0.14293527110682588,-0.03501698826912658,-0.05142383027012928,-0.8056527600582106,-0.0008401102778357074,0.08478770030669197,-0.3931903957453328,0.870247830421524,-0.0579153500223305,0.04671359668340819,-1.7543045246295264,-2.6926267448812786,-0.7684536189531004,1.0,0.5335902624613718,-0.4252090014522697,1.5977932675205064,0.141
full_paper__pca5,full_paper_costs__pca5,0 1,20,full,2003-02-10,2016-12-30,1.077548834003515,-0.6208030871884503,0.021009959897797817,0.16230468920485988,5.136811335873375,-0.002954380591578343,-0.049655055533792236,0.10112832902400117,-0.3102530581112284,0.0014759681566757791,0.03967076070254371,1.4764063988240084,0.9229514226193039,-0.06102905668714809,0.0029493249946470172,-0.9764205049795139,-1.7745515293073024,-0.12915506512598451,0.988,0.31055002907722196,-0.5060057762526876,1.1968665092498336,0.2125
full_paper__pca5,full_paper_costs__pca5,0 1,20,validation,2003-02-10,2005-12-30,2.2116355982628355,0.9689581075906879,0.027646559385989204,0.11717604898936433,9.362712767519456,0.9506896975968618,-0.010334060884394036,1.819802954480278,1.2316078149614706,0.018834454080808027,0.045710299024482336,16.35077843311265,0.9876978955935904,-0.01132403919151348,0.8737051455757145,-0.39183264378255744,-0.9783180314758223,0.34606015059251194,0.853,0.26264970737078275,-0.30885209774323946,1.008141271487445,0.1695
full_paper__pca5,full_paper_costs__pca5,0 1,20,test,2006-01-03,2016-12-30,0.9190992841184817,-0.882858612817797,0.019260332730452304,0.17421344618381526,4.3871408012253434,-0.25436650665787,-0.04965505553379257,-0.19990151491039032,-0.5858124974701816,-0.0031003029609177717,0.038089786829467655,-3.22994444220244,0.9058821104953495,-0.06102905668714809,-0.08889739143490848,-1.1190007990288722,-2.033323428817443,-0.15672518825255316,0.9915,0.2970461153476154,-0.6430341567736629,1.3081277246815173,0.271
full_paper__ff5,full_recipe__ff5_cw0.25,0 1,1,full,2003-02-10,2016-12-30,2.12286582167189,-3.070563630851854,0.05713658007663497,1.0271259350385447,2.2074455807900404,0.16647920330368618,-0.0379579332581379,1.9140381713621275,-2.6983836382190685,0.05128509388934259,0.8808359233101094,2.310444794007476,-1.2184957482372099e-18,-0.030357025512474878,0.84232070960606,-0.20882765030976258,-0.5249038206540736,0.10185538385204769,0.898,0.37217999263278534,0.0788556003236284,0.6896849963055333,0.0055
full_paper__ff5,full_recipe__ff5_cw0.25,0 1,1,validation,2003-02-10,2005-12-30,2.664438249685199,-2.5898572324726428,0.0675889707737573,0.9786700350932185,2.7405580212498983,0.20468301126048866,-0.020550994097963238,2.6420366964088213,-2.669582393374025,0.0653787988623687,0.9431864379770786,2.7506722698612163,-1.977703579289997e-18,-0.01533664319089556,0.9249915965240825,-0.022401553276377495,-0.4433924684479775,0.4535072683032543,0.4495,-0.07972516090138226,-0.4230439002284208,0.33401997095425695,0.587
full_paper__ff5,full_recipe__ff5_cw0.25,0 1,1,test,2006-01-03,2016-12-30,1.9915671232966299,-3.190663171293054,0.05438098411820257,1.0399079702222818,2.075160131511314,0.1564074157238863,-0.03795793325813712,1.7422268411686674,-2.7078783832144677,0.04756952703115948,0.8643923964126299,2.183822592526045,-1.018343448970856e-18,-0.030357025512475655,0.8239861950799907,-0.24934028212796244,-0.6280241089329097,0.10367578593363125,0.918,0.4827847880785865,0.11644417262073299,0.8641774220644053,0.002
full_paper__ff5,full_recipe__ff5_cw0.25,0 1,5,full,2003-02-10,2016-12-30,1.4502954173432074,-0.8643863666740716,0.03958758363629817,0.4273109928772987,3.6763291484858924,0.2607084915736546,-0.0484106166806495,1.2801009405348553,-1.0130671815738577,0.034069986515751036,0.3840795389593649,3.5200614840300575,2.1702635084562654e-19,-0.0400224970111811,0.7914563588349017,-0.1701944768083521,-0.510522613507546,0.14444305122446344,0.848,-0.14868081489978602,-0.4714761195799478,0.1568558541992721,0.824
full_paper__ff5,full_recipe__ff5_cw0.25,0 1,5,validation,2003-02-10,2005-12-30,2.7654928809094783,0.27949078684656853,0.06967214708070282,0.4288113181396082,6.447515782215442,0.32525095782176244,-0.036112347835187686,2.5854017158654927,-0.10742705328321973,0.0636339129253038,0.42524539355379515,5.93811317674909,2.916355323140461e-18,-0.03445006885048363,0.8908753296066066,-0.1800911650439856,-0.6269612500632241,0.2440045281246564,0.7815,-0.38691784012978825,-0.8083560454012463,0.0025276346586086823,0.974
full_paper__ff5,full_recipe__ff5_cw0.25,0 1,5,test,2006-01-03,2016-12-30,1.138608114716595,-1.1392495348389071,0.0316562974989145,0.42692252764635186,2.9424595807311245,0.24369296237137267,-0.04841061668064939,0.9696989854515383,-1.231683551034296,0.02627595752370571,0.3732277843575488,2.793727505914418,-4.946060614964569e-19,-0.040022497011179436,0.7695584049459641,-0.16890912926505663,-0.582548437121446,0.2080152743696939,0.8225,-0.09243401619538893,-0.4955235113665942,0.2778124741178609,0.7055
full_paper__ff5,full_recipe__ff5_cw0.25,0 1,20,full,2003-02-10,2016-12-30,0.4738655518354156,-0.6514290604472124,0.013481276877623861,0.19773268726222631,2.705527912833921,0.43885104736637864,-0.07355677602369037,0.2527036320304515,-1.0907968561206078,0.006762965493741054,0.18511423916284542,1.4497623078089568,-1.188625188240753e-19,-0.07693332461898994,0.6872012860636135,-0.22116191980496414,-0.6623493233049091,0.20485562705983515,0.8225,-0.43936779567339546,-0.8681872709434253,-0.013171361375181764,0.978
full_paper__ff5,full_recipe__ff5_cw0.25,0 1,20,validation,2003-02-10,2005-12-30,1.4873048268908349,0.374537999071219,0.041130694432213344,0.19974534599848964,8.171256285435865,0.5661379596321766,-0.03459445701983477,1.145716492665642,-0.4159820201132368,0.028539586621193703,0.20768628631206615,5.453047953860016,-1.621847633361878e-19,-0.02931249222084209,0.7941475631804431,-0.34158833422519286,-1.0379170459846603,0.27248391351210255,0.8515,-0.7905200191844558,-1.4860726468452146,-0.1830310002904024,0.9935
full_paper__ff5,full_recipe__ff5_cw0.25,0 1,20,test,2006-01-03,2016-12-30,0.21621632023809112,-0.9131750828241335,0.00619197575272306,0.1971977849529828,1.2460247643214701,0.40529400657402315,-0.07355677602369004,0.03754554392051326,-1.25485105912188,0.0010219277822782762,0.1791571748642186,0.22635258567613573,-1.0744134204767874e-19,-0.07693332461899216,0.6621629335133316,-0.17867077631757786,-0.7006123012616433,0.32924664846852225,0.7495,-0.3416759762977465,-0.8596015003683126,0.17337844643313505,0.901
full_paper__ff5,full_recipe__ff5_cw0.5,0 1,1,full,2003-02-10,2016-12-30,2.12286582167189,-3.070563630851854,0.05713658007663497,1.0271259350385447,2.2074455807900404,0.16647920330368618,-0.0379579332581379,1.4117597205091483,-2.078785136811743,0.040553694524370874,0.6948398241697661,2.3160353454982094,1.9112200628438386e-19,-0.08053747030590286,0.612009124069313,-0.7111061011627418,-1.2755606283182281,-0.18170046208860777,0.994,0.9917784940401106,0.40056174495177177,1.5793292362207934,0.0
full_paper__ff5,full_recipe__ff5_cw0.5,0 1,1,validation,2003-02-10,2005-12-30,2.664438249685199,-2.5898572324726428,0.0675889707737573,0.9786700350932185,2.7405580212498983,0.20468301126048866,-0.020550994097963238,2.67409415218507,-2.2994752582367277,0.06951158782249875,0.926483100208879,2.977276478697516,1.1495513445257267e-18,-0.013912488469844497,0.8850840448304631,0.00965590249987125,-0.4983246480382826,0.6077563168399187,0.392,0.29038197423591505,-0.18950835897809468,0.8444457991941874,0.102
full_paper__ff5,full_recipe__ff5_cw0.5,0 1,1,test,2006-01-03,2016-12-30,1.9915671232966299,-3.190663171293054,0.05438098411820257,1.0399079702222818,2.075160131511314,0.1564074157238863,-0.03795793325813712,1.1202961195380157,-2.0299981081049485,0.03291943590839638,0.6337826703134164,2.0611589476180536,-6.155167263081304e-20,-0.08053747030590253,0.5529315495282329,-0.8712710037586142,-1.534303127296467,-0.237274624518087,0.9985,1.1606650631881057,0.46037411391082433,1.916454448041508,0.0005
full_paper__ff5,full_recipe__ff5_cw0.5,0 1,5,full,2003-02-10,2016-12-30,1.4502954173432074,-0.8643863666740716,0.03958758363629817,0.4273109928772987,3.6763291484858924,0.2607084915736546,-0.0484106166806495,1.0274746482319637,-0.800626896457582,0.030079176500885353,0.3243253062975112,3.6803113785378323,1.3887951234867194e-18,-0.08930891361182602,0.5373781359893046,-0.4228207691112438,-1.0042017449472638,0.11333175139933621,0.936,0.06375947021648964,-0.513770497625915,0.5857670489359615,0.427
full_paper__ff5,full_recipe__ff5_cw0.5,0 1,5,validation,2003-02-10,2005-12-30,2.7654928809094783,0.27949078684656853,0.06967214708070282,0.4288113181396082,6.447515782215442,0.32525095782176244,-0.036112347835187686,2.402103038668846,-0.06293253462918424,0.06304886674372318,0.41270512267419224,6.06229246752552,1.8321531506549566e-18,-0.04147688228394719,0.8707961046626215,-0.36338984224063253,-0.9230029867747644,0.17701895619180485,0.9075,-0.3424233214757528,-0.862482705453446,0.14877291006152468,0.913
full_paper__ff5,full_recipe__ff5_cw0.5,0 1,5,test,2006-01-03,2016-12-30,1.138608114716595,-1.1392495348389071,0.0316562974989145,0.42692252764635186,2.9424595807311245,0.24369296237137267,-0.04841061668064939,0.712950597377323,-0.9727354005810683,0.021387275497898144,0.30102545132811265,2.819367614606386,1.2719112810046632e-18,-0.0893089136118258,0.4670165821287784,-0.42565751733927193,-1.1327272254502114,0.26562651695347544,0.894,0.1665141342578388,-0.5251763819526164,0.8508893616053058,0.331
full_paper__ff5,full_recipe__ff5_cw0.5,0 1,20,full,2003-02-10,2016-12-30,0.4738655518354156,-0.6514290604472124,0.013481276877623861,0.19773268726222631,2.705527912833921,0.43885104736637864,-0.07355677602369037,0.38907920373249877,-0.6905866249141361,0.011584431226600663,0.1548258040167645,2.969141059971221,5.477095627566098e-19,-0.0915770554458254,0.44645051045473316,-0.08478634810291685,-0.7097930962139797,0.5044983377497267,0.603,-0.039157564466923755,-0.653709976442693,0.5190983620258828,0.557
full_paper__ff5,full_recipe__ff5_cw0.5,0 1,20,validation,2003-02-10,2005-12-30,1.4873048268908349,0.374537999071219,0.041130694432213344,0.19974534599848964,8.171256285435865,0.5661379596321766,-0.03459445701983477,1.0728853041772228,-0.3025050183127865,0.0287978220977609,0.19191268760508293,5.95463870797695,2.108996006752625e-19,-0.03387924680404031,0.7716023188728883,-0.41441952271361204,-1.1726414900858355,0.2509760330543237,0.879,-0.6770430173840054,-1.410803569124859,-0.02661150432048133,0.9785
full_paper__ff5,full_recipe__ff5_cw0.5,0 1,20,test,2006-01-03,2016-12-30,0.21621632023809112,-0.9131750828241335,0.00619197575272306,0.1971977849529828,1.2460247643214701,0.40529400657402315,-0.07355677602369004,0.23107748525923869,-0.7818386751067783,0.0070464119647924385,0.14504064799062527,1.927870057712867,6.365038106148198e-19,-0.09157705544582684,0.3735838328996757,0.014861165021147565,-0.715127851781055,0.7523003269334986,0.469,0.13133640771735522,-0.567509242008457,0.8401411584173992,0.3465
full_paper__pca5,full_recipe__pca5_cw0.25,0 1,1,full,2003-02-10,2016-12-30,2.8418439938307727,-3.6323027739944207,0.06426620901350985,1.0677731233974406,2.388378517442563,0.058849551735491806,-0.03201093416864975,2.7440484778258294,-2.5802024169568507,0.06781066546261304,0.9424174134361795,2.8553158979821767,-2.131840796427628e-20,-0.043299117632911055,0.9188182197413965,-0.0977955160049433,-0.29131433490755976,0.09894636815136981,0.8195,1.05210035703757,0.8046143709912841,1.3176462301463836,0.0
full_paper__pca5,full_recipe__pca5_cw0.25,0 1,1,validation,2003-02-10,2005-12-30,4.447648364621252,-2.1986165599459357,0.08213693043045493,0.9300838438929937,3.504417394851043,0.56571597997273,-0.00902649631974406,4.1666183390070195,-2.654223350237228,0.08410237009635525,0.9929133135955714,3.3612155190655724,1.1572744284941165e-18,-0.011129118340064692,0.935030642518731,-0.28103002561423285,-0.7036659201609421,0.13378426164711502,0.895,-0.45560679029129236,-0.8626150109116328,-0.016254471487318983,0.9775
full_paper__pca5,full_recipe__pca5_cw0.25,0 1,1,test,2006-01-03,2016-12-30,2.5259301926277584,-3.9547628441572646,0.059554895674986945,1.1040765551458305,2.1405123584025643,-0.07477720616020479,-0.03201093416865186,2.4650492149016743,-2.5778625574486833,0.06351563318286156,0.9291024042997761,2.7127920696105616,-3.3203446813568355e-19,-0.043299117632911166,0.9161537948553544,-0.06088097772608414,-0.2743176882398638,0.16307810456573138,0.68,1.3769002867085813,1.1223031018497907,1.687270626579299,0.0
full_paper__pca5,full_recipe__pca5_cw0.25,0 1,5,full,2003-02-10,2016-12-30,1.9308492163812458,-1.0616864201827365,0.041091847752025824,0.41038360823779835,3.973425951515514,0.052304115327690616,-0.035016988269126914,1.8252178197753677,-0.826048153857081,0.04333725117423646,0.3991976766122561,4.307971439233143,7.120596148532978e-20,-0.04691949873208423,0.8995857401059685,-0.10563139660587817,-0.3425888321332092,0.1362122532567385,0.8175,0.23563826632565554,-0.01409962309939917,0.5156936461559259,0.0315
full_paper__pca5,full_recipe__pca5_cw0.25,0 1,5,validation,2003-02-10,2005-12-30,3.19240808053003,0.325158300518438,0.052340304663164985,0.3515013026210261,5.908928932282198,0.7928765277073839,-0.012137556433549523,2.7675839595426224,-0.7928687335612387,0.055649719968863726,0.4675171552579232,4.723510562448458,-3.356571109338685e-18,-0.013400924484118226,0.8887154349128353,-0.42482412098740774,-1.0609690055557341,0.2318596185415318,0.9095,-1.1180270340796767,-1.706416352016315,-0.5360804711684807,1.0
full_paper__pca5,full_recipe__pca5_cw0.25,0 1,5,test,2006-01-03,2016-12-30,1.702880694359397,-1.3392430225195824,0.038126382405282745,0.42592479598939503,3.5521568525608584,-0.14293527110682588,-0.03501698826912658,1.6291454189880288,-0.8361577624499168,0.04009127709692412,0.38119349087163723,4.173533211924943,9.74881390052152e-19,-0.04691949873208445,0.9020036757610399,-0.07373527537136826,-0.3055095193913811,0.1967995929797406,0.6875,0.5030852600696656,0.2528239819445921,0.801762623803337,0.0
full_paper__pca5,full_recipe__pca5_cw0.25,0 1,20,full,2003-02-10,2016-12-30,1.077548834003515,-0.6208030871884503,0.021009959897797817,0.16230468920485988,5.136811335873375,-0.002954380591578343,-0.049655055533792236,0.8948624785034267,-0.6414173963261385,0.021405990122710872,0.1913627548640752,4.438920484249331,1.2809636413418334e-19,-0.055273100990205215,0.8399358922283908,-0.18268635550008838,-0.5245900410882368,0.15363906756883144,0.8455,-0.020614309137688136,-0.37641091074302474,0.3350739412018403,0.5135
full_paper__pca5,full_recipe__pca5_cw0.25,0 1,20,validation,2003-02-10,2005-12-30,2.2116355982628355,0.9689581075906879,0.027646559385989204,0.11717604898936433,9.362712767519456,0.9506896975968618,-0.010334060884394036,1.3471228029237932,-0.8534179195384867,0.026879027679097955,0.2474489332215099,4.3104978009707935,-9.57068328698163e-19,-0.014159050331590262,0.7576137136109117,-0.8645127953390424,-1.7834358502449361,-0.037392493454988254,0.983,-1.8223760271291747,-2.74241200386035,-1.0305083638781343,1.0
full_paper__pca5,full_recipe__pca5_cw0.25,0 1,20,test,2006-01-03,2016-12-30,0.9190992841184817,-0.882858612817797,0.019260332730452304,0.17421344618381526,4.3871408012253434,-0.25436650665787,-0.04965505553379257,0.8029882365681191,-0.5992306952432891,0.01996311637183959,0.17656870678043438,4.486566006273002,4.1418167499283733e-19,-0.055273100990205326,0.8544826426934273,-0.11611104755036261,-0.4793569840859163,0.25848113155254265,0.671,0.2836279175745079,-0.06764267288501113,0.6781931996894,0.051
full_paper__pca5,full_recipe__pca5_cw0.5,0 1,1,full,2003-02-10,2016-12-30,2.8418439938307727,-3.6323027739944207,0.06426620901350985,1.0677731233974406,2.388378517442563,0.058849551735491806,-0.03201093416864975,2.317010590471053,-2.2611020366241044,0.060089920216068904,0.8411785518116559,2.834737807281496,8.092318930160455e-19,-0.03818040558564806,0.787410706164626,-0.5248334033597195,-0.8866733758419926,-0.14074618556750046,0.9965,1.3712007373703163,0.9491572180784289,1.799307433628999,0.0
full_paper__pca5,full_recipe__pca5_cw0.5,0 1,1,validation,2003-02-10,2005-12-30,4.447648364621252,-2.1986165599459357,0.08213693043045493,0.9300838438929937,3.504417394851043,0.56571597997273,-0.00902649631974406,3.9709458347157156,-2.485078057407252,0.08209935699866407,0.959587167812233,3.3951172976168538,-8.055770662412844e-19,-0.011817087639452106,0.9151831621771938,-0.47670252990553674,-0.9107389223296424,-0.019248702634736468,0.9795,-0.2864614974613162,-0.7473341844926565,0.19326731366622352,0.8665
full_paper__pca5,full_recipe__pca5_cw0.5,0 1,1,test,2006-01-03,2016-12-30,2.5259301926277584,-3.9547628441572646,0.059554895674986945,1.1040765551458305,2.1405123584025643,-0.07477720616020479,-0.03201093416865186,2.0002912239100534,-2.229849828500477,0.05428750459624425,0.809953161192357,2.6597415241088216,1.2349489534197475e-18,-0.03818040558564806,0.7671813085102698,-0.525638968717705,-0.978300976180379,-0.08926696710007044,0.988,1.7249130156567878,1.2301355731342618,2.2164107224895337,0.0
full_paper__pca5,full_recipe__pca5_cw0.5,0 1,5,full,2003-02-10,2016-12-30,1.9308492163812458,-1.0616864201827365,0.041091847752025824,0.41038360823779835,3.973425951515514,0.052304115327690616,-0.035016988269126914,1.4668628191921451,-0.9161057577515294,0.03650745993227195,0.37026841981064246,3.9125905693280236,7.648598578345868e-19,-0.048617668482049625,0.6941499437042821,-0.46398639718910073,-0.8399429338787825,-0.0501524730793769,0.9885,0.14558066243120715,-0.25138671679543845,0.5844692188153279,0.23
full_paper__pca5,full_recipe__pca5_cw0.5,0 1,5,validation,2003-02-10,2005-12-30,3.19240808053003,0.325158300518438,0.052340304663164985,0.3515013026210261,5.908928932282198,0.7928765277073839,-0.012137556433549523,2.672189833649711,-0.7006186624123925,0.05556113177397898,0.4558991135741616,4.836172632893437,-1.1935135148073306e-18,-0.013376723276715463,0.863699983651709,-0.5202182468803191,-1.139455501082195,0.12728908685332752,0.9505,-1.0257769629308304,-1.6003727231062965,-0.44930783718334966,0.9995
full_paper__pca5,full_recipe__pca5_cw0.5,0 1,5,test,2006-01-03,2016-12-30,1.702880694359397,-1.3392430225195824,0.038126382405282745,0.42592479598939503,3.5521568525608584,-0.14293527110682588,-0.03501698826912658,1.2179232903771662,-0.9656983751735686,0.03148428172914949,0.3477009791919835,3.593249182089272,1.2811518629008922e-18,-0.04861766848204907,0.668107621488137,-0.48495740398223086,-0.9579848559117495,-0.013308965635127793,0.978,0.3735446473460138,-0.09456227374933729,0.8775050982656261,0.0595
full_paper__pca5,full_recipe__pca5_cw0.5,0 1,20,full,2003-02-10,2016-12-30,1.077548834003515,-0.6208030871884503,0.021009959897797817,0.16230468920485988,5.136811335873375,-0.002954380591578343,-0.049655055533792236,0.559544663259839,-0.8022170136257819,0.014418752203649087,0.1781747634402056,3.2113004975927986,6.215803252374741e-19,-0.07437384248969081,0.5046893619688266,-0.5180041707436761,-1.0207458488900034,0.011964274522164763,0.972,-0.18141392643733156,-0.6841429772131836,0.34804025917292136,0.734
full_paper__pca5,full_recipe__pca5_cw0.5,0 1,20,validation,2003-02-10,2005-12-30,2.2116355982628355,0.9689581075906879,0.027646559385989204,0.11717604898936433,9.362712767519456,0.9506896975968618,-0.010334060884394036,1.1276497256107283,-0.911630596836275,0.023461670825382183,0.23570649262162513,3.949906823489404,2.8040735639077156e-19,-0.01426285606934441,0.7081258366702615,-1.0839858726521072,-2.0208128006268686,-0.2295738282542065,0.995,-1.880588704426963,-2.820848499040937,-1.0689506985775603,1.0
full_paper__pca5,full_recipe__pca5_cw0.5,0 1,20,test,2006-01-03,2016-12-30,0.9190992841184817,-0.882858612817797,0.019260332730452304,0.17421344618381526,4.3871408012253434,-0.25436650665787,-0.04965505553379257,0.44700322558995514,-0.7844161830726732,0.012034739710378897,0.16299624918261682,2.9299388085371865,7.115248060096275e-19,-0.07437384248969336,0.48173597202524593,-0.4720960585285266,-1.0693216516249229,0.14802778699078098,0.9315,0.09844242974512374,-0.4899909834375132,0.7101259192637577,0.337
full_paper_costs__ff5,full_recipe__ff5_cw0.25,0 1,1,full,2003-02-10,2016-12-30,0.9362224143096421,-0.2032826309990682,0.03268488113143217,0.2788621326111129,4.651112291125978,0.6330075142080158,-0.08403077170778162,1.9140381713621275,-2.6983836382190685,0.05128509388934259,0.8808359233101094,2.310444794007476,-1.2184957482372099e-18,-0.030357025512474878,0.3351763630300194,0.9778157570524854,0.31837759402192883,1.624813724687646,0.0015,-2.49510100722,-3.168273621129249,-1.7872977579279112,1.0
full_paper_costs__ff5,full_recipe__ff5_cw0.25,0 1,1,validation,2003-02-10,2005-12-30,2.6199496041655337,0.10182547792221294,0.07336253194601379,0.5267722506750163,5.526509001620328,0.6785390971639104,-0.022000977057840765,2.6420366964088213,-2.669582393374025,0.0653787988623687,0.9431864379770786,2.7506722698612163,-1.977703579289997e-18,-0.01533664319089556,0.6187221251371415,0.022087092243287643,-0.738408264037917,0.9248249928901683,0.42,-2.771407871296238,-3.658626302568116,-1.8049012963689326,1.0
full_paper_costs__ff5,full_recipe__ff5_cw0.25,0 1,1,test,2006-01-03,2016-12-30,0.601899193022455,-0.266270133123859,0.021960906738277754,0.2135755989278513,4.080356358502605,0.6210038827317417,-0.08403077170778184,1.7422268411686674,-2.7078783832144677,0.04756952703115948,0.8643923964126299,2.183822592526045,-1.018343448970856e-18,-0.030357025512475655,0.2834809065667875,1.1403276481462123,0.3577907590094502,1.9190941912076303,0.003,-2.4416082500906087,-3.282489676280416,-1.6151974372346523,1.0
full_paper_costs__ff5,full_recipe__ff5_cw0.25,0 1,5,full,2003-02-10,2016-12-30,0.7046991715293556,0.12555158061369687,0.024606665726833576,0.1263294944974404,7.729430035674263,0.660929202036443,-0.11033574935663282,1.2801009405348553,-1.0130671815738577,0.034069986515751036,0.3840795389593649,3.5200614840300575,2.1702635084562654e-19,-0.0400224970111811,0.28950219544440303,0.5754017690054998,-0.07164671529687579,1.231985455250423,0.039,-1.1386187621875545,-1.7841519351852517,-0.448033467736241,1.0
full_paper_costs__ff5,full_recipe__ff5_cw0.25,0 1,5,validation,2003-02-10,2005-12-30,1.873784682519876,0.8499210151788343,0.055249284438249294,0.21672538001455072,10.116175235247262,0.7852654415697743,-0.04120045427087682,2.5854017158654927,-0.10742705328321973,0.0636339129253038,0.42524539355379515,5.93811317674909,2.916355323140461e-18,-0.03445006885048363,0.5880325893233074,0.7116170333456167,-0.07840893179278995,1.625307823721391,0.038,-0.9573480684620541,-1.764896321883604,-0.07947462975264676,0.9845
full_paper_costs__ff5,full_recipe__ff5_cw0.25,0 1,5,test,2006-01-03,2016-12-30,0.4566126514934056,-0.029713629376146234,0.016528257760299283,0.10253380004242205,6.396751551049093,0.6281500561861968,-0.11033574935663304,0.9696989854515383,-1.231683551034296,0.02627595752370571,0.3732277843575488,2.793727505914418,-4.946060614964569e-19,-0.040022497011179436,0.23069397884264461,0.5130863339581327,-0.30937987747524043,1.296986109269334,0.0995,-1.2019699216581499,-2.0456301217849227,-0.3923505827882469,0.9985
full_paper_costs__ff5,full_recipe__ff5_cw0.25,0 1,20,full,2003-02-10,2016-12-30,0.5844135078222398,0.2839477674211091,0.020831137178497966,0.05491484057848609,15.05298784463779,0.7018671525133547,-0.12620934494230585,0.2527036320304515,-1.0907968561206078,0.006762965493741054,0.18511423916284542,1.4497623078089568,-1.188625188240753e-19,-0.07693332461898994,0.30355902876601326,-0.3317098757917883,-0.9203966218873297,0.2525666815668055,0.8485,-1.374744623541717,-1.9734630899069103,-0.7732232168425094,1.0
full_paper_costs__ff5,full_recipe__ff5_cw0.25,0 1,20,validation,2003-02-10,2005-12-30,1.4893712177604848,1.1058525568936763,0.04533227684419869,0.08117614172278698,22.160450553476103,0.8999905117568472,-0.0382875200596795,1.145716492665642,-0.4159820201132368,0.028539586621193703,0.20768628631206615,5.453047953860016,-1.621847633361878e-19,-0.02931249222084209,0.5481697219559716,-0.34365472509484274,-1.4178657472312168,0.666014124531132,0.724,-1.521834577006913,-2.6560439971103316,-0.49152930977390863,0.9975
full_paper_costs__ff5,full_recipe__ff5_cw0.25,0 1,20,test,2006-01-03,2016-12-30,0.3896454654890372,0.105993129364452,0.014371826251823523,0.048005359382176135,11.880143652466908,0.6496352809901518,-0.12620934494230762,0.03754554392051326,-1.25485105912188,0.0010219277822782762,0.1791571748642186,0.22635258567613573,-1.0744134204767874e-19,-0.07693332461899216,0.2546408978357315,-0.352099921568524,-1.100082749498942,0.34515727291045667,0.8465,-1.360844188486332,-2.1114687698512924,-0.6582033640393439,1.0
full_paper_costs__ff5,full_recipe__ff5_cw0.5,0 1,1,full,2003-02-10,2016-12-30,0.9362224143096421,-0.2032826309990682,0.03268488113143217,0.2788621326111129,4.651112291125978,0.6330075142080158,-0.08403077170778162,1.4117597205091483,-2.078785136811743,0.040553694524370874,0.6948398241697661,2.3160353454982094,1.9112200628438386e-19,-0.08053747030590286,0.3583842440332171,0.4755373061995062,-0.17909211671228803,1.1597381707552756,0.0815,-1.8755025058126749,-2.5524604676918226,-1.207704221707732,1.0
full_paper_costs__ff5,full_recipe__ff5_cw0.5,0 1,1,validation,2003-02-10,2005-12-30,2.6199496041655337,0.10182547792221294,0.07336253194601379,0.5267722506750163,5.526509001620328,0.6785390971639104,-0.022000977057840765,2.67409415218507,-2.2994752582367277,0.06951158782249875,0.926483100208879,2.977276478697516,1.1495513445257267e-18,-0.013912488469844497,0.6342665965334708,0.05414454801953639,-0.7330114394711748,0.9919159673589888,0.3725,-2.4013007361589405,-3.2895338881730294,-1.458081648376599,1.0
full_paper_costs__ff5,full_recipe__ff5_cw0.5,0 1,1,test,2006-01-03,2016-12-30,0.601899193022455,-0.266270133123859,0.021960906738277754,0.2135755989278513,4.080356358502605,0.6210038827317417,-0.08403077170778184,1.1202961195380157,-2.0299981081049485,0.03291943590839638,0.6337826703134164,2.0611589476180536,-6.155167263081304e-20,-0.08053747030590253,0.3086288578246926,0.5183969265155607,-0.27828053056507746,1.329445678400533,0.108,-1.7637279749810895,-2.596951577743566,-0.9638690353079806,1.0
full_paper_costs__ff5,full_recipe__ff5_cw0.5,0 1,5,full,2003-02-10,2016-12-30,0.7046991715293556,0.12555158061369687,0.024606665726833576,0.1263294944974404,7.729430035674263,0.660929202036443,-0.11033574935663282,1.0274746482319637,-0.800626896457582,0.030079176500885353,0.3243253062975112,3.6803113785378323,1.3887951234867194e-18,-0.08930891361182602,0.3188370931474891,0.3227754767026081,-0.31662790008281116,0.9967317886735946,0.1815,-0.9261784770712789,-1.574133613473938,-0.2726062964479086,0.997
full_paper_costs__ff5,full_recipe__ff5_cw0.5,0 1,5,validation,2003-02-10,2005-12-30,1.873784682519876,0.8499210151788343,0.055249284438249294,0.21672538001455072,10.116175235247262,0.7852654415697743,-0.04120045427087682,2.402103038668846,-0.06293253462918424,0.06304886674372318,0.41270512267419224,6.06229246752552,1.8321531506549566e-18,-0.04147688228394719,0.6107456678508847,0.5283183561489697,-0.3117070928048548,1.4717946422108696,0.101,-0.9128535498080186,-1.739446280508061,-0.02140596281555558,0.979
full_paper_costs__ff5,full_recipe__ff5_cw0.5,0 1,5,test,2006-01-03,2016-12-30,0.4566126514934056,-0.029713629376146234,0.016528257760299283,0.10253380004242205,6.396751551049093,0.6281500561861968,-0.11033574935663304,0.712950597377323,-0.9727354005810683,0.021387275497898144,0.30102545132811265,2.819367614606386,1.2719112810046632e-18,-0.0893089136118258,0.26329217139423555,0.25633794588391745,-0.5216735071622735,1.036387372620773,0.2815,-0.9430217712049221,-1.7347995369432399,-0.17682774772362922,0.9905
full_paper_costs__ff5,full_recipe__ff5_cw0.5,0 1,20,full,2003-02-10,2016-12-30,0.5844135078222398,0.2839477674211091,0.020831137178497966,0.05491484057848609,15.05298784463779,0.7018671525133547,-0.12620934494230585,0.38907920373249877,-0.6905866249141361,0.011584431226600663,0.1548258040167645,2.969141059971221,5.477095627566098e-19,-0.0915770554458254,0.3112669405592623,-0.195334304089741,-0.8428197758749474,0.44438493962872544,0.724,-0.9745343923352452,-1.6292067782232265,-0.33506072029107997,0.9985
full_paper_costs__ff5,full_recipe__ff5_cw0.5,0 1,20,validation,2003-02-10,2005-12-30,1.4893712177604848,1.1058525568936763,0.04533227684419869,0.08117614172278698,22.160450553476103,0.8999905117568472,-0.0382875200596795,1.0728853041772228,-0.3025050183127865,0.0287978220977609,0.19191268760508293,5.95463870797695,2.108996006752625e-19,-0.03387924680404031,0.5557094941075911,-0.4164859135832619,-1.4913911013701298,0.6373524074134248,0.7755,-1.4083575752064628,-2.5440404537284484,-0.35220190406581364,0.9965
full_paper_costs__ff5,full_recipe__ff5_cw0.5,0 1,20,test,2006-01-03,2016-12-30,0.3896454654890372,0.105993129364452,0.014371826251823523,0.048005359382176135,11.880143652466908,0.6496352809901518,-0.12620934494230762,0.23107748525923869,-0.7818386751067783,0.0070464119647924385,0.14504064799062527,1.927870057712867,6.365038106148198e-19,-0.09157705544582684,0.26422249816476057,-0.15856798022979854,-0.9410048522770604,0.627350615730256,0.662,-0.8878318044712303,-1.6571426015444322,-0.11991730540283785,0.99
full_paper_costs__pca5,full_recipe__pca5_cw0.25,0 1,1,full,2003-02-10,2016-12-30,0.7401186189725898,-1.095628569280777,0.012315391470307212,0.22776356949182225,2.1456724260901763,0.8635979032533084,-0.06888210849195198,2.7440484778258294,-2.5802024169568507,0.06781066546261304,0.9424174134361795,2.8553158979821767,-2.131840796427628e-20,-0.043299117632911055,0.3040523337742252,2.0039298588532395,1.2316130018341447,2.7800320371709684,0.0,-1.4845738476760737,-2.386625690607684,-0.6098253552923193,0.9995
full_paper_costs__pca5,full_recipe__pca5_cw0.25,0 1,1,validation,2003-02-10,2005-12-30,3.6815853774622282,0.04678022882951501,0.055359007697196136,0.42203702501344464,5.205197386793311,0.8900738693776541,-0.00982787962837084,4.1666183390070195,-2.654223350237228,0.08410237009635525,0.9929133135955714,3.3612155190655724,1.1572744284941165e-18,-0.011129118340064692,0.7475708596890523,0.48503296154479125,-0.49432713933835987,1.4244555038562976,0.1875,-2.701003579066743,-3.722266392100107,-1.732955051239464,1.0
full_paper_costs__pca5,full_recipe__pca5_cw0.25,0 1,1,test,2006-01-03,2016-12-30,0.057038455214943586,-1.3633449002729772,0.0009676703270681657,0.17663335484722842,0.2173973097363789,0.8566179627438205,-0.06888210849195053,2.4650492149016743,-2.5778625574486833,0.06351563318286156,0.9291024042997761,2.7127920696105616,-3.3203446813568355e-19,-0.043299117632911166,0.22245482942305805,2.408010759686731,1.5040719512633316,3.297590457655832,0.0,-1.2145176571757061,-2.269360235663071,-0.23148440744363036,0.994
full_paper_costs__pca5,full_recipe__pca5_cw0.25,0 1,5,full,2003-02-10,2016-12-30,0.3720448311879724,-0.5033695601871654,0.005843754634133992,0.09746923757149983,2.3791611686090977,0.8866894278333168,-0.05791535002233128,1.8252178197753677,-0.826048153857081,0.04333725117423646,0.3991976766122561,4.307971439233143,7.120596148532978e-20,-0.04691949873208423,0.2027724944974499,1.4531729885873954,0.6878290225746956,2.1829348544072555,0.0,-0.3226785936699156,-1.117485211850556,0.424534701180525,0.798
full_paper_costs__pca5,full_recipe__pca5_cw0.25,0 1,5,validation,2003-02-10,2005-12-30,2.414558200171681,0.9341297082785608,0.03119666140296153,0.14569946787688257,8.496686859089047,0.949054884317227,-0.009895321682086622,2.7675839595426224,-0.7928687335612387,0.055649719968863726,0.4675171552579232,4.723510562448458,-3.356571109338685e-18,-0.013400924484118226,0.6684672982330482,0.3530257593709414,-0.9277396906589099,1.4975396901477482,0.2815,-1.7269984418397994,-2.93340030993699,-0.6010619031135658,0.9985
full_paper_costs__pca5,full_recipe__pca5_cw0.25,0 1,5,test,2006-01-03,2016-12-30,-0.05142383027012928,-0.8056527600582106,-0.0008401102778357074,0.08478770030669197,-0.3931903957453328,0.870247830421524,-0.0579153500223305,1.6291454189880288,-0.8361577624499168,0.04009127709692412,0.38119349087163723,4.173533211924943,9.74881390052152e-19,-0.04691949873208445,0.12278300367453855,1.680569249258158,0.7754788970608301,2.581277821512854,0.0,-0.03050500239170617,-0.9833824625086907,0.8731787853449599,0.5365
full_paper_costs__pca5,full_recipe__pca5_cw0.25,0 1,20,full,2003-02-10,2016-12-30,0.10112832902400117,-0.3102530581112284,0.0014759681566757791,0.03967076070254371,1.4764063988240084,0.9229514226193039,-0.06102905668714809,0.8948624785034267,-0.6414173963261385,0.021405990122710872,0.1913627548640752,4.438920484249331,1.2809636413418334e-19,-0.055273100990205215,0.1256325256146652,0.7937341494794256,0.03566156406960315,1.5558279873926206,0.0205,-0.3311643382149101,-1.123740971783862,0.4645205817074679,0.8165
full_paper_costs__pca5,full_recipe__pca5_cw0.25,0 1,20,validation,2003-02-10,2005-12-30,1.819802954480278,1.2316078149614706,0.018834454080808027,0.045710299024482336,16.35077843311265,0.9876978955935904,-0.01132403919151348,1.3471228029237932,-0.8534179195384867,0.026879027679097955,0.2474489332215099,4.3104978009707935,-9.57068328698163e-19,-0.014159050331590262,0.5268145320807597,-0.4726801515564849,-1.8811860648185206,0.6602306845760993,0.807,-2.085025734499957,-3.5213098244954444,-0.9900622261977368,1.0
full_paper_costs__pca5,full_recipe__pca5_cw0.25,0 1,20,test,2006-01-03,2016-12-30,-0.19990151491039032,-0.5858124974701816,-0.0031003029609177717,0.038089786829467655,-3.22994444220244,0.9058821104953495,-0.06102905668714809,0.8029882365681191,-0.5992306952432891,0.01996311637183959,0.17656870678043438,4.486566006273002,4.1418167499283733e-19,-0.055273100990205326,0.06903633983044428,1.0028897514785093,0.15204396608364182,1.8527461478243739,0.0085,-0.013418197773107488,-0.8672614636406477,0.8499419903264935,0.511
full_paper_costs__pca5,full_recipe__pca5_cw0.5,0 1,1,full,2003-02-10,2016-12-30,0.7401186189725898,-1.095628569280777,0.012315391470307212,0.22776356949182225,2.1456724260901763,0.8635979032533084,-0.06888210849195198,2.317010590471053,-2.2611020366241044,0.060089920216068904,0.8411785518116559,2.834737807281496,8.092318930160455e-19,-0.03818040558564806,0.49208493278648263,1.5768919714984633,0.9190362124832564,2.231097873949532,0.0,-1.1654734673433274,-1.9921417264840904,-0.40830426304637635,0.9975
full_paper_costs__pca5,full_recipe__pca5_cw0.5,0 1,1,validation,2003-02-10,2005-12-30,3.6815853774622282,0.04678022882951501,0.055359007697196136,0.42203702501344464,5.205197386793311,0.8900738693776541,-0.00982787962837084,3.9709458347157156,-2.485078057407252,0.08209935699866407,0.959587167812233,3.3951172976168538,-8.055770662412844e-19,-0.011817087639452106,0.7639908661078195,0.28936045725348736,-0.6592455137201252,1.2040804105032148,0.303,-2.531858286236767,-3.508734477459491,-1.656804201691951,1.0
full_paper_costs__pca5,full_recipe__pca5_cw0.5,0 1,1,test,2006-01-03,2016-12-30,0.057038455214943586,-1.3633449002729772,0.0009676703270681657,0.17663335484722842,0.2173973097363789,0.8566179627438205,-0.06888210849195053,2.0002912239100534,-2.229849828500477,0.05428750459624425,0.809953161192357,2.6597415241088216,1.2349489534197475e-18,-0.03818040558564806,0.44407982101688903,1.9432527686951098,1.1332719702323086,2.7178866471614884,0.0,-0.8665049282274997,-1.8784229289375396,0.028790230057956275,0.972
full_paper_costs__pca5,full_recipe__pca5_cw0.5,0 1,5,full,2003-02-10,2016-12-30,0.3720448311879724,-0.5033695601871654,0.005843754634133992,0.09746923757149983,2.3791611686090977,0.8866894278333168,-0.05791535002233128,1.4668628191921451,-0.9161057577515294,0.03650745993227195,0.37026841981064246,3.9125905693280236,7.648598578345868e-19,-0.048617668482049625,0.4540697890629531,1.0948179880041726,0.47363389078595675,1.740828386917085,0.0,-0.41273619756436397,-1.0863905110658298,0.2504557743435355,0.8885
full_paper_costs__pca5,full_recipe__pca5_cw0.5,0 1,5,validation,2003-02-10,2005-12-30,2.414558200171681,0.9341297082785608,0.03119666140296153,0.14569946787688257,8.496686859089047,0.949054884317227,-0.009895321682086622,2.672189833649711,-0.7006186624123925,0.05556113177397898,0.4558991135741616,4.836172632893437,-1.1935135148073306e-18,-0.013376723276715463,0.687226150912828,0.25763163347803,-0.9398136318691432,1.3297972707746497,0.3345,-1.6347483706909531,-2.7853264233387502,-0.5883590180479898,0.999
full_paper_costs__pca5,full_recipe__pca5_cw0.5,0 1,5,test,2006-01-03,2016-12-30,-0.05142383027012928,-0.8056527600582106,-0.0008401102778357074,0.08478770030669197,-0.3931903957453328,0.870247830421524,-0.0579153500223305,1.2179232903771662,-0.9656983751735686,0.03148428172914949,0.3477009791919835,3.593249182089272,1.2811518629008922e-18,-0.04861766848204907,0.4143540016743285,1.2693471206472955,0.5030156070408519,2.016610349340023,0.001,-0.16004561511535798,-0.994564173862941,0.6632975739583018,0.6685
full_paper_costs__pca5,full_recipe__pca5_cw0.5,0 1,20,full,2003-02-10,2016-12-30,0.10112832902400117,-0.3102530581112284,0.0014759681566757791,0.03967076070254371,1.4764063988240084,0.9229514226193039,-0.06102905668714809,0.559544663259839,-0.8022170136257819,0.014418752203649087,0.1781747634402056,3.2113004975927986,6.215803252374741e-19,-0.07437384248969081,0.4479925754301123,0.45841633423583783,-0.17384554071010572,1.048655345743373,0.0755,-0.4919639555145535,-1.1411790375283086,0.12218898623103965,0.944
full_paper_costs__pca5,full_recipe__pca5_cw0.5,0 1,20,validation,2003-02-10,2005-12-30,1.819802954480278,1.2316078149614706,0.018834454080808027,0.045710299024482336,16.35077843311265,0.9876978955935904,-0.01132403919151348,1.1276497256107283,-0.911630596836275,0.023461670825382183,0.23570649262162513,3.949906823489404,2.8040735639077156e-19,-0.01426285606934441,0.5386470324544538,-0.6921532288695498,-2.0902564420636858,0.4147490550135521,0.895,-2.1432384117977454,-3.5516783675427748,-1.0531799323598998,1.0
full_paper_costs__pca5,full_recipe__pca5_cw0.5,0 1,20,test,2006-01-03,2016-12-30,-0.19990151491039032,-0.5858124974701816,-0.0031003029609177717,0.038089786829467655,-3.22994444220244,0.9058821104953495,-0.06102905668714809,0.44700322558995514,-0.7844161830726732,0.012034739710378897,0.16299624918261682,2.9299388085371865,7.115248060096275e-19,-0.07437384248969336,0.43615859318721,0.6469047405003454,-0.07142780455797115,1.3820338171218198,0.0385,-0.19860368560249164,-0.9036939498984964,0.5179171784848114,0.703
official_paper__ipca5,official_paper_costs__ipca5,0 1,1,full,2002-02-08,2016-12-30,3.532565978523201,-2.538087986179816,0.08481561273141353,1.0526309803297156,3.1974157903456324,-0.043068513306806694,-0.029402839591503027,2.086014562530898,0.8934770648889309,0.07163270828728738,0.30091545888266896,9.446399994645759,0.7482190641128708,-0.05399539476203008,0.5759193072140053,-1.4465514159923032,-1.9646575987482786,-0.9254120525885263,1.0,3.431565051068747,2.8953222404053207,4.034065893075547,0.0
official_paper__ipca5,official_paper_costs__ipca5,0 1,1,validation,2002-02-08,2005-12-30,5.616358580578816,0.30609489796986855,0.15615456976598294,1.0527520453516082,5.8861057916813895,-0.191381863112546,-0.010784606131648333,4.894183698021206,1.9913267458588828,0.15836563058169437,0.6988227567655069,8.992767277636394,0.49803073835565165,-0.014150839587640851,0.8534641794071285,-0.72217488255761,-1.3544092911561976,-0.026615541092580464,0.9795,1.6852318478890143,1.1711861343960828,2.225674851818016,0.0
official_paper__ipca5,official_paper_costs__ipca5,0 1,1,test,2006-01-03,2016-12-30,2.669526458587304,-3.833490888196289,0.059515917603949746,1.0526605462758953,2.243593882583399,0.009529431622494849,-0.029402839591503138,1.1741957385608504,0.5359763915093579,0.04087368709078767,0.15991215818101898,10.142891750080913,0.8369460182095082,-0.05399539476203119,0.4627514883897983,-1.4953307200264536,-2.132016510352044,-0.8941102525258062,1.0,4.369467279705646,3.652121429363657,5.148150861243394,0.0
official_paper__ipca5,official_paper_costs__ipca5,0 1,5,full,2002-02-08,2016-12-30,2.1234014687674527,-0.5603497942400266,0.053907557141788805,0.4332428855268251,4.937620090094607,-0.07282747087342778,-0.025364804470627167,1.3385666218514047,0.7771188248396835,0.045351960585505606,0.1301909041568425,13.823400238830857,0.7919898042203484,-0.0541789049392849,0.621563911884667,-0.784834846916048,-1.252361123815965,-0.32324061928081455,0.999,1.33746861907971,0.8465506974570529,1.8521003281913206,0.0
official_paper__ipca5,official_paper_costs__ipca5,0 1,5,validation,2002-02-08,2005-12-30,3.287471857751647,0.6395486416929129,0.09051624007187213,0.44709423687159555,8.033908720675244,-0.31019140072785006,-0.023032938445958218,2.506600932188367,1.3108628625628096,0.08461455637525538,0.2810202877747918,11.948320591616582,0.6050946484735003,-0.04277818417596102,0.8077038739295659,-0.78087092556328,-1.409638281984177,-0.057352113800108566,0.982,0.6713142208698967,0.12263063486829506,1.3205388646557268,0.008
official_paper__ipca5,official_paper_costs__ipca5,0 1,5,test,2006-01-03,2016-12-30,1.6684057341546148,-1.039842060316095,0.04092462950100085,0.4283522552208326,3.7912564119207626,0.011351430938433016,-0.02536480447062761,0.9275780944857832,0.5892701725819373,0.03142784752464094,0.07675010714577551,16.249316814172232,0.858270426446208,-0.054178904939284456,0.5477956009543744,-0.7408276396688316,-1.2829229688622752,-0.16354135944397122,0.9935,1.629112232898032,1.017846250413707,2.3637535109443624,0.0
official_paper__ipca5,official_paper_costs__ipca5,0 1,20,full,2002-02-08,2016-12-30,1.300010026663769,-0.36754351088779336,0.030259153278980985,0.195497985012307,6.14205844974629,-0.12329323416067992,-0.04206359455367459,0.9634953871575153,0.6890251501336088,0.029905861490524353,0.05154554411142597,23.023144983645754,0.8409903842831511,-0.07836711312009637,0.5096276151900259,-0.3365146395062538,-0.8049639866325675,0.1730925113436886,0.897,1.056568661021402,0.5870983479322658,1.5756715205093461,0.0
official_paper__ipca5,official_paper_costs__ipca5,0 1,20,validation,2002-02-08,2005-12-30,2.0464569357951956,0.1767875624261136,0.04678404006091659,0.19353683457385096,9.592538445276837,-0.44880035496664766,-0.013648624989303193,1.8471810333808654,1.3192005020050401,0.059463153164405196,0.10624277640489005,22.20997054993036,0.7165442227969222,-0.03155266218307906,0.6752090753461784,-0.19927590241433024,-0.9036343167704867,0.6981404927052653,0.641,1.1424129395789264,0.43716269543299724,2.028896532668802,0.001
official_paper__ipca5,official_paper_costs__ipca5,0 1,20,test,2006-01-03,2016-12-30,1.0422178069341064,-0.5560790710279438,0.024398756449851063,0.1961891513608293,4.935056879088705,-0.007855172538628613,-0.04206359455367481,0.6349126572753157,0.4549139608890827,0.019423643930484267,0.032166398024869695,23.962257771449227,0.885124053687079,-0.07836711312009603,0.4490582014061599,-0.4073051496587907,-0.9562900765274586,0.21057909379187423,0.904,1.0109930319170266,0.442632387014506,1.6541595768768222,0.0
official_paper__ipca5,official_recipe__ipca5_cw0.25,0 1,1,full,2002-02-08,2016-12-30,3.532565978523201,-2.538087986179816,0.08481561273141353,1.0526309803297156,3.1974157903456324,-0.043068513306806694,-0.029402839591503027,3.236533951757449,-0.7408910835608663,0.09971420499993833,0.8720858329188359,4.537297531344275,2.7638339571597955e-19,-0.03644760579155115,0.8978162913230565,-0.29603202676575213,-0.5244921648621383,-0.04811333260800463,0.994,1.7971969026189498,1.5399368554124546,2.0935044734128008,0.0
official_paper__ipca5,official_recipe__ipca5_cw0.25,0 1,1,validation,2002-02-08,2005-12-30,5.616358580578816,0.30609489796986855,0.15615456976598294,1.0527520453516082,5.8861057916813895,-0.191381863112546,-0.010784606131648333,5.598139445669098,1.0533777309023877,0.17549826407461816,1.030960341686665,6.7550773262183,-3.0273751089157364e-19,-0.011829654210414597,0.9712360835691359,-0.01821913490971827,-0.2258256042926619,0.1982070514296764,0.5195,0.7472828329325192,0.5566898049658492,0.9603715835632294,0.0
official_paper__ipca5,official_recipe__ipca5_cw0.25,0 1,1,test,2006-01-03,2016-12-30,2.669526458587304,-3.833490888196289,0.059515917603949746,1.0526605462758953,2.243593882583399,0.009529431622494849,-0.029402839591503138,2.393183314837174,-1.3985050477574494,0.0728380959312003,0.8157886664770294,3.5430752484863977,4.817632188610201e-19,-0.036447605791551374,0.8682083302702059,-0.2763431437501298,-0.6091082308377932,0.02630027963739834,0.963,2.4349858404388396,2.082084299437353,2.7675989003750323,0.0
official_paper__ipca5,official_recipe__ipca5_cw0.25,0 1,5,full,2002-02-08,2016-12-30,2.1234014687674527,-0.5603497942400266,0.053907557141788805,0.4332428855268251,4.937620090094607,-0.07282747087342778,-0.025364804470627167,1.9876005342183984,0.15304799639369857,0.06513151386922503,0.37698279699918463,6.855973015938433,-6.476308684806775e-19,-0.03981227416748956,0.9191801408304728,-0.1358009345490543,-0.34508957262533185,0.08465002628948695,0.8695,0.7133977906337252,0.5201346675933037,0.9124193924936239,0.0
official_paper__ipca5,official_recipe__ipca5_cw0.25,0 1,5,validation,2002-02-08,2005-12-30,3.287471857751647,0.6395486416929129,0.09051624007187213,0.44709423687159555,8.033908720675244,-0.31019140072785006,-0.023032938445958218,3.2431145200225777,1.0785284615651167,0.10709894045541178,0.4668345112356041,9.103778431742688,1.8791365555705994e-19,-0.0360109112038296,0.9568885732906007,-0.04435733772906936,-0.3612239438272651,0.261036657017059,0.5715,0.4389798198722038,0.16847631946628375,0.7199684966712264,0.001
official_paper__ipca5,official_recipe__ipca5_cw0.25,0 1,5,test,2006-01-03,2016-12-30,1.6684057341546148,-1.039842060316095,0.04092462950100085,0.4283522552208326,3.7912564119207626,0.011351430938433016,-0.02536480447062761,1.5400911111326288,-0.17908960064905527,0.05024815781735236,0.3451352257936758,5.777371788046965,-9.43948933704606e-19,-0.03981227416748989,0.905127988231205,-0.12831462302198604,-0.39163959798516523,0.12255424156140499,0.855,0.8607524596670397,0.6141908519120376,1.1033710905698062,0.0
official_paper__ipca5,official_recipe__ipca5_cw0.25,0 1,20,full,2002-02-08,2016-12-30,1.300010026663769,-0.36754351088779336,0.030259153278980985,0.195497985012307,6.14205844974629,-0.12329323416067992,-0.04206359455367459,1.2944002914594315,0.16893822812281392,0.04079540057800808,0.18130406292907306,8.929006201781673,4.630476887021536e-19,-0.04728803017487482,0.8575466427544479,-0.005609735204337607,-0.3056245942999841,0.294611236582358,0.514,0.5364817390106073,0.27320576225059623,0.7948228811154447,0.0
official_paper__ipca5,official_recipe__ipca5_cw0.25,0 1,20,validation,2002-02-08,2005-12-30,2.0464569357951956,0.1767875624261136,0.04678404006091659,0.19353683457385096,9.592538445276837,-0.44880035496664766,-0.013648624989303193,2.1217107281366747,0.9104676121712993,0.07165214229858095,0.22389797293081395,12.699261823960462,1.2891185912363289e-18,-0.031937710708345945,0.8799154196365583,0.07525379234147911,-0.45579865000185016,0.6928939312021314,0.37,0.7336800497451857,0.27026048994348223,1.2767967500338704,0.0025
official_paper__ipca5,official_recipe__ipca5_cw0.25,0 1,20,test,2006-01-03,2016-12-30,1.0422178069341064,-0.5560790710279438,0.024398756449851063,0.1961891513608293,4.935056879088705,-0.007855172538628613,-0.04206359455367481,0.9740362151038773,-0.12039774666054888,0.029852345189924818,0.16619662713134456,7.127803331892325,1.700893549034681e-19,-0.04728803017487493,0.8506066244507642,-0.0681815918302291,-0.4065911336511713,0.236338374100988,0.6685,0.435681324367395,0.13178341791049536,0.6967845999885613,0.002
official_paper_costs__ipca5,official_recipe__ipca5_cw0.25,0 1,1,full,2002-02-08,2016-12-30,2.086014562530898,0.8934770648889309,0.07163270828728738,0.30091545888266896,9.446399994645759,0.7482190641128708,-0.05399539476203008,3.236533951757449,-0.7408910835608663,0.09971420499993833,0.8720858329188359,4.537297531344275,2.7638339571597955e-19,-0.03644760579155115,0.6763159819138381,1.150519389226551,0.7260879307021357,1.5843170617185196,0.0,-1.6343681484497972,-2.1263506147337763,-1.1707300799040328,1.0
official_paper_costs__ipca5,official_recipe__ipca5_cw0.25,0 1,1,validation,2002-02-08,2005-12-30,4.894183698021206,1.9913267458588828,0.15836563058169437,0.6988227567655069,8.992767277636394,0.49803073835565165,-0.014150839587640851,5.598139445669098,1.0533777309023877,0.17549826407461816,1.030960341686665,6.7550773262183,-3.0273751089157364e-19,-0.011829654210414597,0.9129533882969767,0.7039557476478917,0.16334449206393828,1.2103908040433515,0.003,-0.9379490149564951,-1.396270383381449,-0.5175421732447134,1.0
official_paper_costs__ipca5,official_recipe__ipca5_cw0.25,0 1,1,test,2006-01-03,2016-12-30,1.1741957385608504,0.5359763915093579,0.04087368709078767,0.15991215818101898,10.142891750080913,0.8369460182095082,-0.05399539476203119,2.393183314837174,-1.3985050477574494,0.0728380959312003,0.8157886664770294,3.5430752484863977,4.817632188610201e-19,-0.036447605791551374,0.5930417454005793,1.2189875762763238,0.7248172644171735,1.726502017332282,0.0,-1.9344814392668073,-2.6069381368901676,-1.3520497907334608,1.0
official_paper_costs__ipca5,official_recipe__ipca5_cw0.25,0 1,5,full,2002-02-08,2016-12-30,1.3385666218514047,0.7771188248396835,0.045351960585505606,0.1301909041568425,13.823400238830857,0.7919898042203484,-0.0541789049392849,1.9876005342183984,0.15304799639369857,0.06513151386922503,0.37698279699918463,6.855973015938433,-6.476308684806775e-19,-0.03981227416748956,0.7036064830647988,0.6490339123669937,0.23539526331350058,1.0633238508044842,0.001,-0.6240708284459849,-1.0833463899114266,-0.18138591154669692,0.9975
official_paper_costs__ipca5,official_recipe__ipca5_cw0.25,0 1,5,validation,2002-02-08,2005-12-30,2.506600932188367,1.3108628625628096,0.08461455637525538,0.2810202877747918,11.948320591616582,0.6050946484735003,-0.04277818417596102,3.2431145200225777,1.0785284615651167,0.10709894045541178,0.4668345112356041,9.103778431742688,1.8791365555705994e-19,-0.0360109112038296,0.9010128434029439,0.7365135878342106,0.21752072243134069,1.1884478351703323,0.0015,-0.23233440099769287,-0.6948448453441404,0.1386345565569532,0.902
official_paper_costs__ipca5,official_recipe__ipca5_cw0.25,0 1,5,test,2006-01-03,2016-12-30,0.9275780944857832,0.5892701725819373,0.03142784752464094,0.07675010714577551,16.249316814172232,0.858270426446208,-0.054178904939284456,1.5400911111326288,-0.17908960064905527,0.05024815781735236,0.3451352257936758,5.777371788046965,-9.43948933704606e-19,-0.03981227416748989,0.63219899750393,0.6125130166468455,0.07639348842950411,1.1021311687806568,0.012,-0.7683597732309926,-1.4162550852457327,-0.23417386847942936,0.997
official_paper_costs__ipca5,official_recipe__ipca5_cw0.25,0 1,20,full,2002-02-08,2016-12-30,0.9634953871575153,0.6890251501336088,0.029905861490524353,0.05154554411142597,23.023144983645754,0.8409903842831511,-0.07836711312009637,1.2944002914594315,0.16893822812281392,0.04079540057800808,0.18130406292907306,8.929006201781673,4.630476887021536e-19,-0.04728803017487482,0.6735258600948754,0.3309049043019162,-0.05173377875315578,0.6948344801001062,0.047,-0.5200869220107949,-0.9435244111637743,-0.14932254354051072,0.9965
official_paper_costs__ipca5,official_recipe__ipca5_cw0.25,0 1,20,validation,2002-02-08,2005-12-30,1.8471810333808654,1.3192005020050401,0.059463153164405196,0.10624277640489005,22.20997054993036,0.7165442227969222,-0.03155266218307906,2.1217107281366747,0.9104676121712993,0.07165214229858095,0.22389797293081395,12.699261823960462,1.2891185912363289e-18,-0.031937710708345945,0.8973393767573944,0.27452969475580935,-0.16614892725181984,0.6321472998314253,0.131,-0.4087328898337408,-0.9001111604253831,-0.05637639586415395,0.986
official_paper_costs__ipca5,official_recipe__ipca5_cw0.25,0 1,20,test,2006-01-03,2016-12-30,0.6349126572753157,0.4549139608890827,0.019423643930484267,0.032166398024869695,23.962257771449227,0.885124053687079,-0.07836711312009603,0.9740362151038773,-0.12039774666054888,0.029852345189924818,0.16619662713134456,7.127803331892325,1.700893549034681e-19,-0.04728803017487493,0.5810979656840327,0.33912355782856163,-0.19306770951977803,0.8058362771767488,0.097,-0.5753117075496316,-1.1727609217470156,-0.10721485495191323,0.989
